"","baseMean","log2FoldChange","lfcSE","stat","pvalue","padj"
"AASS",7969.86969560861,-0.730746364107836,0.252267504776483,-2.89671222124031,0.0037709549406356,0.132938196619981
"ABCA8",4383.72588701044,-0.359481989210657,0.150680960012953,-2.38571607972073,0.0170459052844934,0.259327388235353
"ACADSB",29989.9158971116,-0.425911752572609,0.171305533806383,-2.48626966747024,0.0129090104400463,0.22802707247455
"ACOT11",28.3402084111892,-0.550240737209986,0.205427199055171,-2.67851939636392,0.00739484490835387,0.180715612516984
"ACOX2",11584.3454445908,-0.329310577865809,0.0826048364737194,-3.98657744417397,6.70332542873806e-05,0.0267014640926307
"ACSL5",9285.86328592399,-0.288707392079107,0.138141324017014,-2.08994226842323,0.0366229860174502,0.34013803549503
"ACSM2A",27012.5942785722,-0.294679517611324,0.102941850955389,-2.86258227219002,0.0042020415224388,0.141221439641761
"ACSM3",6551.08577541567,-0.368959769798703,0.13344028541496,-2.76498037044319,0.0056926221295226,0.162063670213161
"ACTR3C",318.745700297319,-0.295265589401478,0.127396488649065,-2.31769016974114,0.0204661656618377,0.274800566329813
"ACVR1C",155.903922818662,-0.682113505252483,0.222398680347741,-3.06707532700255,0.00216164375890673,0.105127395742702
"ACVR2B",587.344429995825,-0.434290272460237,0.143800129642214,-3.02009652940359,0.00252694135322718,0.110472008658631
"ACY3",468.240096561537,-0.433192527383196,0.180149139337721,-2.4046327891198,0.0161887236040926,0.254488578174773
"ADAMTS6",64.6980564394803,-0.492919947439647,0.250512706904896,-1.96764449009278,0.0491089569183267,0.380247467569824
"ADCK5",157.882211517112,-0.360998474360084,0.149995616645262,-2.40672682598347,0.0160962048982402,0.254194453260158
"ADCY10",456.419791141045,-0.596455293513599,0.189296487003641,-3.15090524369914,0.00162765286271854,0.0917998902895705
"ADHFE1",3094.63841726767,-0.274153755060998,0.137711698241516,-1.99078043885708,0.0465050308033284,0.370987893779657
"AF116693",242.863086214028,-0.508748911501199,0.191037217039657,-2.66308795419476,0.00774271731676374,0.183179330100127
"AF143870",417.522785023341,-0.301388287630264,0.123305743773942,-2.4442355919997,0.0145159439793464,0.243868521178859
"AF289551",483.594598917427,-0.387718438075829,0.157393308914932,-2.46337306680161,0.0137636620589225,0.236386623654665
"AF339817",412.020474657264,-0.353559746026715,0.178427295832277,-1.98153395968666,0.0475314248936364,0.373996791062842
"AF420437",18.1906677417589,-0.725272071553095,0.350939535487583,-2.06665820807401,0.0387663717718144,0.345705729731768
"AGBL4",46.8322129251824,-0.860943323009747,0.30984809252525,-2.77859810590762,0.00545940246096357,0.158942175760189
"AGPAT9",355.120698029852,-0.520392110544966,0.265170852185193,-1.96247855394577,0.0497067950591821,0.381822849946958
"AGXT",50478.8687931903,-0.477763708126132,0.138877779543526,-3.44017386868138,0.000581340594245707,0.0616890035455569
"AGXT2",4714.76963703479,-0.447618802753443,0.149792715077251,-2.98825481948569,0.00280575516859087,0.115931564559556
"AHCY",5751.45271298809,-0.268007314892976,0.110903539151245,-2.41658036293575,0.0156670674104414,0.250157656204895
"AK021933",17.5608772971151,-0.46773557418769,0.223584750846992,-2.09198334151053,0.0364400059037668,0.34011266011842
"AK022382",85.3286975970223,-0.333601167140898,0.161588791028309,-2.06450685730086,0.0389696844067806,0.346278564894563
"AK023566",59.3847623633198,-0.476549976685151,0.220500837409986,-2.16121617624101,0.0306786444267282,0.321108313017347
"AK024248",447.008548750817,-0.295834442542981,0.138403835180242,-2.13747286813056,0.0325595502029551,0.328763199036585
"AK054753",21.0601159581414,-0.624688501338383,0.247224231818079,-2.52680935337303,0.0115103966818464,0.216230858478078
"AK055656",9.97460832467126,-0.703629885342759,0.32253083646293,-2.1815894971755,0.0291398427176634,0.315063734470977
"AK056182",10.4107160154511,-0.606505203402287,0.29176339145524,-2.07875703794502,0.037639687497592,0.34203180545477
"AK056618",9.48788602696085,-1.05190134490073,0.29234214019271,-3.59818582503133,0.000320444639308073,0.0511967960555934
"AK057719",275.297116125498,-0.631262491609023,0.237647932964958,-2.65629279301202,0.00790049862331932,0.183999544920479
"AK090736",38.2160335657758,-0.432766539470524,0.175293720185179,-2.46880800415071,0.0135563931744324,0.234218851415194
"AK091996",924.295630183856,-0.531342070259664,0.176240390488361,-3.01487115857675,0.00257088440598352,0.111507878543578
"AK092331",485.7897571554,-0.492477737626536,0.241042475820146,-2.04311599418685,0.0410409569785697,0.352153089683025
"AK093256",16.3928607300347,-1.24858076348047,0.364701439519902,-3.42356960565914,0.00061804421441019,0.0616890035455569
"AK093551",93.8709742481263,-0.364858842311041,0.121662015773234,-2.99895443941273,0.00270907814348244,0.115094142972719
"AK094577",106.227733799428,-0.812390403134183,0.20350310896792,-3.99202944492729,6.55102360267499e-05,0.0267014640926307
"AK095057",427.836508578827,-0.389785127281385,0.116477811798534,-3.34643243432129,0.00081858626208455,0.0688485064795883
"AK095081",78.3517761531943,-0.82519334399436,0.214692054303079,-3.84361380617021,0.000121235738700637,0.033673327911394
"AK095179",255.337524053547,-0.368043105382035,0.172497967363571,-2.13360836076588,0.0328748530188173,0.329710148471657
"AK095335",66.7567132325293,-0.347569052071214,0.159060452620541,-2.18513808017625,0.0288787238970553,0.315004329328709
"AK095366",55.7020839082584,-0.396831777219181,0.201958589607714,-1.96491656032057,0.0494238956947867,0.381103726303346
"AK096230",49.997823519879,-0.452976339432756,0.223186404550333,-2.02958751159326,0.0423984853838209,0.35768864782308
"AK096335",26.8910768902385,-0.748786238632841,0.252554098518983,-2.96485482921814,0.00302825793457708,0.121180756738788
"AK096592",43.0205409351817,-0.489213711333162,0.230986732863974,-2.11792991427458,0.0341810037115342,0.332752652197132
"AK097351",63.7731989135625,-0.531906864997288,0.197318170717407,-2.69568110764147,0.0070244879870589,0.176079790404809
"AK097722",18.6893931092769,-0.59665528195855,0.275785852292991,-2.16347313322176,0.0305048079721753,0.320503591180072
"AK123292",16.6382745281586,-0.578252074137367,0.237621698105786,-2.43349861880011,0.0149536924770577,0.246303883713696
"AK123332",41.9591696262094,-0.630948544682213,0.287205107372023,-2.19685697951371,0.0280306621468733,0.312543769254067
"AK124197",24.7913032911205,-0.504563571483766,0.256240274569826,-1.96910330482132,0.0489412294319659,0.380172166178266
"AK125212",20.6815950258495,-0.747700410083144,0.326014563531499,-2.29345708358487,0.0218217034419884,0.285370011310423
"AK125301",325.097923133469,-0.484212091310765,0.234917217588685,-2.06120307519804,0.0392836702830716,0.347370673597911
"AK125699",165.419438223698,-0.292708502338583,0.130503907435041,-2.24290987213759,0.0249026270264157,0.301727037673074
"AK126225",305.743741906752,-0.556038682294029,0.258385558990939,-2.15197275136234,0.0313995005442578,0.324639397052111
"AK126380",109.098207498117,-0.679864360247793,0.299180521020365,-2.27242187402138,0.023061041786022,0.293418856256553
"AK127124",6.13691947101765,-2.11922806980141,0.952533220135185,-2.22483376432861,0.0260923998392576,NA
"AK127179",23.1927105192705,-0.456130263313519,0.216893629362429,-2.10301365076669,0.0354645762350046,0.337417898494236
"AK128346",98.1132682953979,-1.35559492717264,0.242021562757754,-5.60113285661861,2.12955434922166e-08,0.000176422930061269
"AK128563",22.7853306629694,-0.457531200251275,0.225415487514693,-2.02972389029592,0.0423846130967795,0.35768864782308
"AK128656",55.3018984303006,-0.50362464381878,0.194027924528536,-2.59562970145934,0.00944177600249437,0.19851319423115
"AK130329",979.075410457583,-0.343354729751008,0.173718169161116,-1.97650442327976,0.048097675266047,0.376700574446616
"AK299452",46.0488758227983,-0.348966432078216,0.172265742039265,-2.025744805364,0.0427909426601413,0.358727224273556
"AK301549",22.040601423564,-0.6810317588019,0.320275372874369,-2.12639439832622,0.033470433800492,0.331582554113494
"AK307233",18.7479368762731,-0.573121262116742,0.243199609605503,-2.35658791988363,0.0184437010456898,0.264784964423799
"AK310094",21.8548390764039,-0.517067305221647,0.231592984984569,-2.23265529936539,0.0255716843657646,0.304280222508985
"AK310239",29.9467754947231,-0.524217445844978,0.200221201302851,-2.61819149237875,0.00883971833770796,0.191708498871051
"AK311131",37.7300161087498,-0.626491669357054,0.197446779288458,-3.17296474328299,0.00150890846890122,0.0891725231313982
"AK311356",29.4177955430888,-0.638478708534345,0.226849669452754,-2.81454546561427,0.0048846267579308,0.150995113343573
"AKR1C4",12893.4365956269,-0.283756160987986,0.112560841083792,-2.52091365217103,0.011705057127512,0.217505999442929
"AL137655",24.3218056828642,-0.723018552440325,0.312144078333398,-2.31629751331715,0.0205420300263386,0.275372892804535
"ALDH6A1",13465.8360190911,-0.433979889312529,0.130211388031419,-3.3328873601118,0.000859497319610266,0.0712050554431125
"ALKBH7",554.81202748982,-0.36538942969903,0.170864920677529,-2.13846954805091,0.0324786530988465,0.328734760656559
"ALOX15",15.6611944637477,-1.35555925441667,0.442300504247218,-3.06479246892064,0.0021782108559014,0.105127395742702
"AMDHD1",3065.12026201016,-0.429539845563925,0.186208089872068,-2.30677327638684,0.0210674627751687,0.278661760647228
"ANKDD1B",14.180864155937,-0.95156640363426,0.286398498955939,-3.32252580618676,0.000892064194226923,0.072195314663752
"ANO7",36.3697255790226,-0.610371230956189,0.235322143467277,-2.59376878844836,0.00949303032217976,0.198849582058403
"AOX1",73768.8095648184,-0.513039932819844,0.149506466809406,-3.4315567999736,0.000600127441824831,0.0616890035455569
"APBA1",2298.03619411414,-0.389705813619903,0.182518731351526,-2.13515517412479,0.0327483370629689,0.329251939803599
"APLN",13.2860599826998,-1.35743232769194,0.461729997720235,-2.93988333960146,0.00328335842742694,0.12585899669218
"APOA5",25557.5037445746,-0.530247015614669,0.156829777408012,-3.3810353134352,0.000722132615730416,0.0662930201256462
"APOF",11320.1662070157,-0.515639584309764,0.193152785049337,-2.66959435339259,0.00759429327666355,0.182362094639186
"AQP11",414.592204869624,-0.35906457046257,0.135226691758397,-2.65527881954026,0.00792428806377993,0.183999544920479
"AQP3",2524.08176180148,-0.312917225849368,0.129809546081848,-2.41058716630952,0.0159268649890073,0.252287022947287
"AR",10033.0322462583,-0.351901091968895,0.0995159283492061,-3.53612831439463,0.000406037423669726,0.0562297041394953
"ARHGAP32",1232.88700079353,-0.274590195114574,0.125067209507696,-2.1955410710405,0.0281248081125403,0.312671320721451
"ARHGEF34P",82.9652958269711,-0.497952719931797,0.210694414484026,-2.36338832783605,0.0181086833469966,0.263889863127868
"ARHGEF4",28.7886151796056,-2.41709468293817,0.59200920602532,-4.08286671615507,4.44835381502983e-05,0.0210585069603512
"ARMC5",430.208583376656,-0.451445455651487,0.152339807871653,-2.96341095580108,0.00304250074255149,0.121180756738788
"ARRDC3",4453.26511682542,-0.422484645094687,0.185376558663742,-2.27906186273011,0.0226633881597413,0.291244866864689
"ASB9",587.841582593816,-0.691203451629552,0.299119890951231,-2.31079066467782,0.0208444204042835,0.277573227597724
"ASL",7027.36274484546,-0.272763437770392,0.1342264388799,-2.03211409053658,0.0421421072446801,0.356797432262189
"ASPA",350.988471098959,-0.396179995656424,0.187158789290306,-2.11681213133892,0.0342757953577508,0.332752652197132
"ASPG",2698.85915149616,-0.579021762830078,0.116315816688294,-4.97801399083801,6.42400137491075e-07,0.0013304909847612
"ASS1",48462.7714326699,-0.850823122831347,0.211379390310278,-4.02509971091528,5.69511789641948e-05,0.0255207487571233
"ATP1A1OS",156.740180551599,-0.360884599808092,0.14892141923676,-2.42332232433499,0.0153792743268769,0.248276754082991
"ATP6V0E2",1583.56099518673,-0.387151976126434,0.164418294594742,-2.35467699674593,0.0185388124539095,0.264784964423799
"ATP8A1",258.960383164849,-0.320638297766473,0.149233049120095,-2.14857432490333,0.0316681587722935,0.325667305524308
"AX746622",12.8021456061282,-0.719331767746992,0.290763200847172,-2.4739436271548,0.0133630780765054,0.232696971569696
"AX746671",85.6120979502584,-0.555846060779626,0.281829595979999,-1.97227710896294,0.0485779813203208,0.378414937703994
"AX747090",113.792513987144,-0.382049275968398,0.1826664295594,-2.09151334971576,0.0364820710006573,0.34011266011842
"AX747132",87.2320334729379,-0.334071279311137,0.16104605194579,-2.07438353983114,0.0380437047804152,0.343036525338184
"AX747197",14.5268741031857,-0.696185873484596,0.32549390438862,-2.13885994206943,0.0324470131110513,0.328615256868587
"AX747530",46.4537177199743,-0.437740191120815,0.186016693672504,-2.35323068311002,0.0186110841794318,0.264968713993466
"AX747758",234.286832864064,-0.488809869407042,0.201759171245409,-2.42273928064703,0.0154039774999888,0.248276754082991
"AX747833",24.5054478949711,-0.732860369729339,0.237705476297719,-3.08306052154832,0.00204883482491957,0.101943376018295
"AX747838",29.4104600153925,-0.577455753008366,0.217984614578085,-2.64906655970214,0.00807144334647254,0.185876806500724
"AX748285",9.74863745773581,-0.90936030496941,0.338740574852411,-2.6845331574631,0.00726311785191294,0.178815155554748
"AX748380",443.8628317628,-1.41035415734854,0.380718189726184,-3.70445698526482,0.000211844050726518,0.0450553924541333
"AZGP1",63879.0708098239,-0.285382984123584,0.139226043933004,-2.04978160739029,0.0403857472151535,0.349098737966895
"BAHCC1",351.699503407265,-0.423403004076939,0.113416076915286,-3.73318329810676,0.000189074892799846,0.0441308871183025
"BC010030",31.5134408176329,-0.542945867513997,0.202245874185132,-2.68458315751348,0.00726203152042713,0.178815155554748
"BC015433",41.3192026164233,-1.13598967168559,0.509808644313914,-2.22826679060018,0.0258627295012307,0.305881808594331
"BC016143",132.779047947038,-1.80758073384737,0.576891881782776,-3.13330936164569,0.00172847159119005,0.0945183029519076
"BC023651",21.4888958935768,-0.633621812425606,0.233286851261455,-2.71606311714275,0.00660633221332936,0.170498938384196
"BC034020",32.6076201713131,-0.597799201987472,0.220905475139038,-2.70613121567592,0.00680721428935003,0.173254583041844
"BC035370",9.80752533900298,-0.827127185922128,0.358017252672088,-2.31029979630535,0.0208715622068947,0.277573227597724
"BC036500",55.7025034597971,-0.430564455938735,0.187709740518238,-2.29377790811501,0.021803259012584,0.285354027313984
"BC037540",32.8258553171619,-0.434917121771576,0.216772168211965,-2.0063328487184,0.0448207475646406,0.365469963778804
"BC038731",271.19298707044,-0.311557861528632,0.118819029778213,-2.62212090193114,0.00873844252392713,0.190817698891747
"BC039377",127.822023421659,-0.560532693593703,0.18077332327785,-3.10074895692524,0.00193031868966994,0.0999377203863363
"BC040333",22.9716116876459,-0.507271993897968,0.232569473831961,-2.18116326936565,0.0291713425171816,0.315063734470977
"BC041025",16.6851710039169,-0.955653664091065,0.364112977622582,-2.62460753343881,0.00867488950387868,0.19062897107396
"BC041449",32.8985409115603,-0.909039887373905,0.269880815400385,-3.36830124818353,0.000756329065032642,0.0670139907942559
"BC041646",90.5596918597769,-0.2839393136149,0.127312356969858,-2.23025730080643,0.0257303661319192,0.305610348702343
"BC045757",141.56096408516,-0.487639559849075,0.182498619812421,-2.67201779580739,0.00753966498570468,0.182105990011867
"BC047373",39.6296590488805,-0.478972574772278,0.238223471669153,-2.01060194201803,0.0443675187743515,0.36410372390898
"BC052775",31.7113657258109,-0.598558142723404,0.256367355591525,-2.334767394009,0.0195555754103652,0.270359924812072
"BC068088",65.5227221591087,-0.497347117944106,0.251235853547978,-1.97960247679827,0.0477482144704396,0.374947945763371
"BC069694",52.6646056726233,-0.721177151594892,0.34598054934404,-2.08444420636421,0.0371197803019428,0.340707936753427
"BC070363",155.543280115624,-0.481196502939402,0.187393077008442,-2.56784567829965,0.0102332701903427,0.204124828657343
"BC071770",12.024973240831,-0.973437419429325,0.308064594364734,-3.15984841243009,0.00157851242471844,0.0911302173002083
"BC071794",264.14346678291,-0.36100888658483,0.142044032844711,-2.54152799913461,0.011036910591022,0.211901009945125
"BC128546",24.5415041137875,-0.472855617436436,0.213571111465201,-2.21404296766739,0.0268258233066063,0.309587298096172
"BC137484",16.783580008948,-1.53562603144607,0.777354915237994,-1.97545033979225,0.0482170649038684,0.377021495229918
"BC144457",24.4057850898467,-1.38628538567755,0.280842092890503,-4.9361738171423,7.96701082456249e-07,0.00146672669280195
"BCAT2",218.809054290702,-0.292861906468314,0.134335465699023,-2.18007884175924,0.0292516178441,0.315063734470977
"BCL3",503.229041443226,-0.474054303606555,0.198769963225381,-2.38493933345972,0.0170819380387751,0.259327388235353
"BMP1",1542.62734292261,-0.298569188461549,0.0922567321045557,-3.2362861945205,0.00121095905395364,0.0809047603425719
"BNC1",22.1561609642369,-1.33147090085054,0.405508290838612,-3.28346159852117,0.00102540613891105,0.0763140791749149
"BOK",537.492876504012,-0.507000271386212,0.175191186076963,-2.89398275529387,0.00380389052435406,0.133531063766997
"BRCA1",331.118582243901,-0.467341353370644,0.226988545082485,-2.05887637722343,0.0395060825916964,0.347993770580445
"BSN",132.588941589017,-0.663020023764064,0.167533355581277,-3.95754040419972,7.57254814772756e-05,0.0272759891868909
"BX537921",66.5081419155542,-0.328594485442404,0.163813413983386,-2.00590707105176,0.0448661636944549,0.365509441724562
"BX538274",11.3297823198811,-1.13745205453498,0.44833010946997,-2.53708602324236,0.011177948350897,0.212770705706187
"BX648926",7.8207487669361,-0.699184132031031,0.331483553851576,-2.10925737915823,0.034922371534614,0.337196255219708
"BZRAP1",427.636484780977,-0.302101069192192,0.139698241028639,-2.16252593424035,0.0305776602997354,0.320659021206529
"C10orf114",381.512594235323,-0.459697136494916,0.139849046381026,-3.28709525299477,0.00101226587588014,0.0758924583595386
"C10orf62",12.1589975139349,-1.51169575161343,0.393445796193696,-3.84219571345784,0.000121938540327337,0.033673327911394
"C11orf1",463.022125137551,-0.319412109573978,0.111130163892755,-2.87421612985493,0.00405031688095439,0.138370516289759
"C11orf85",26.6026481686596,-0.652459495271068,0.268967139933229,-2.42579630892101,0.0152748407465771,0.248276754082991
"C12orf60",32.7925947438816,-0.375030909375297,0.188646786664039,-1.98800581768291,0.0468110465589976,0.371639784588419
"C14orf80",65.495942052302,-0.628782408065325,0.269241029397573,-2.33538851590423,0.0195231338106088,0.270241273273164
"C17orf67",98.9304455237355,-0.390236477370046,0.174433837121712,-2.23716042603452,0.0252758568003268,0.302665809935115
"C18orf23",12.3361897303984,-0.78847282672146,0.34700923442785,-2.27219551670288,0.0230747039472683,0.293418856256553
"C19orf44",161.314063857911,-0.271751114436736,0.121257316689616,-2.24111106740339,0.0250188814857625,0.301727037673074
"C1QTNF6",929.156980639683,-0.324186665573104,0.157855532286021,-2.05369213785745,0.0400054979843227,0.348195306313358
"C1R",85299.044002408,-0.282925879774805,0.112214691379741,-2.52129089601438,0.011692514637029,0.217505999442929
"C1RL",11125.1296834047,-0.317237104238265,0.0999188094786234,-3.1749487998667,0.00149862941575677,0.0891725231313982
"C1orf211",25.4077391132001,-0.423371524325501,0.201486384670745,-2.10124135691523,0.0356197846802366,0.337417898494236
"C1orf226",918.725926275971,-0.348158875686259,0.171878906423616,-2.02560560181934,0.042805217033356,0.358727224273556
"C1orf228",225.636437372451,-0.722645567741448,0.205146107998728,-3.52258970346114,0.000427352392429879,0.0562297041394953
"C1orf86",222.763615504388,-0.314294887432416,0.134238776306049,-2.34131222051562,0.0192160897464776,0.268006221388373
"C20orf62",15.6473057492272,-1.02109038991353,0.322295593616233,-3.1681798018293,0.00153396619191589,0.0901286731696963
"C21orf15",14.853246419036,-1.08796349170943,0.506909672278765,-2.14626698050285,0.0318516843875922,0.326174634498155
"C3P1",25494.9787465643,-0.531144466349791,0.151286636753842,-3.51084853062081,0.00044667883529852,0.0562297041394953
"C3orf58",375.592611796957,-0.591014301076055,0.134986728152731,-4.37831414364939,1.19600872496845e-05,0.0088854944457083
"C4BPB",10392.3612518698,-0.293274039561773,0.101949136944256,-2.87667015486486,0.00401895451444293,0.137867613560673
"C5orf45",222.886677873132,-0.277405633023979,0.0947847388526675,-2.92669090385084,0.00342589177853119,0.127845947924512
"C6",41262.2146702316,-0.272457250432466,0.11198537843924,-2.43297164531434,0.0149754735708443,0.246303883713696
"C6orf165",7.68105136359874,-0.781446826061635,0.39832117696728,-1.96185106704941,0.0497798262127153,0.382029615802908
"C6orf185",58.1083311008461,-1.09251641092073,0.554992613159332,-1.96852423801014,0.0490077501012603,0.380247467569824
"C8A",30811.6203461718,-0.405989367420932,0.110725558820569,-3.66662739610858,0.00024577050363923,0.0477095820296135
"C8B",32736.0302898631,-0.321713133129413,0.150522072165981,-2.13731533521981,0.0325723523932323,0.328763199036585
"C8orf46",536.710453771553,-0.479991220975816,0.187654772206372,-2.55784180350047,0.0105323994009408,0.207867344795536
"C9",55282.4871375786,-0.372695996339618,0.17904723959304,-2.08155119948638,0.0373834828560321,0.341221682711517
"CAPN3",1938.46215211159,-0.406705828339698,0.172383355725655,-2.35931030944172,0.018308938631993,0.264081005801478
"CARNS1",37.8248701877835,-0.561392459366145,0.252615964830238,-2.22231583717763,0.026261968602077,0.306727248474583
"CBS",10311.4566737488,-0.528576556390865,0.105570044320722,-5.00688012202636,5.5319355458089e-07,0.0013304909847612
"CCBP2",554.137218265349,-0.318352921666336,0.11481088149156,-2.7728462453251,0.00555683690203225,0.159845886510022
"CCDC158",254.198361873757,-0.526859818209434,0.187552570718569,-2.80913141414633,0.00496753648191024,0.151745459394322
"CCDC162P",46.0916622207217,-1.44149690705603,0.604565895112902,-2.38435035569916,0.0171093048667661,0.259327388235353
"CCDC17",185.421350303288,-0.359367587424919,0.164209617001856,-2.18846858050255,0.028635487496461,0.313589816476446
"CCDC40",55.1622211008441,-0.714962503114161,0.215655820985891,-3.31529424916816,0.000915467054091411,0.0723536834066168
"CCS",1359.35406833546,-0.334186433357067,0.155889119842218,-2.14374443640012,0.0320533695931018,0.32743050603459
"CD302",129.606687212028,-0.307005949818472,0.140224683701271,-2.18938593202681,0.0285688012818471,0.313515084538446
"CD82",1070.1156744931,-0.430144858528237,0.129237206123699,-3.32833609940875,0.000873663956174045,0.0720185974619291
"CDH23",839.458757310254,-0.729602951751302,0.220099055942596,-3.31488451246056,0.000916809931581978,0.0723536834066168
"CDHR3",213.683395949498,-0.540847073514575,0.165206754893968,-3.27375883547679,0.00106127144364622,0.0764530719555402
"CDNF",179.726246770555,-0.478373907910466,0.169703709297357,-2.81887714706491,0.00481919590869609,0.149556953586076
"CDO1",10560.4519697777,-0.263670997116588,0.104641495900176,-2.51975561748583,0.0117436337022825,0.217895035624992
"CDON",203.127819939029,-0.454196389898356,0.163219782667419,-2.78272879963232,0.00539038431475004,0.157797310443628
"CECR2",805.406198976643,-0.399245092639233,0.149146863107155,-2.67685879757587,0.00743159473241773,0.181202897622058
"CELSR1",322.527571712277,-0.696977094907079,0.197351655512873,-3.53165061167483,0.000412974610139316,0.0562297041394953
"CENPV",573.919973749816,-0.293220319808824,0.136210145322568,-2.1527054325831,0.0313418362793578,0.324639397052111
"CES1P1",470.334866137835,-1.30463294994214,0.613772030386018,-2.12559856975174,0.0335366988114128,0.331582554113494
"CHIC1",135.82332931731,-0.619645007497318,0.240024979732304,-2.58158550076079,0.00983476266346461,0.200972679618005
"CHRD",3486.59917623856,-0.357926085663932,0.152851552424903,-2.34165816431458,0.0191982895668681,0.268006221388373
"CIDEA",9.7141287311082,-2.17510355252871,1.00042009499363,-2.17419018611632,0.0296908550992635,0.316568711801606
"CITED2",938.410903340392,-0.308848829989374,0.131910942694256,-2.34134351313996,0.0192144790237405,0.268006221388373
"CLDN14",1588.22377772292,-0.417934357607077,0.168321926095434,-2.48294662081112,0.0130300611468354,0.229692447179421
"CLEC18B",9.27510454670587,-1.31002570029011,0.32781181573373,-3.99627358567881,6.43473656974393e-05,0.0267014640926307
"CMAHP",441.525537538065,-0.655530839624218,0.301054421820884,-2.17744963073232,0.0294470360716336,0.315187518214651
"CNKSR2",92.9982589299714,-0.473693103849699,0.213553163177158,-2.21815072557242,0.0265445571445191,0.307239576336221
"CNKSR3",1175.61093107503,-0.346829098825415,0.127856014740526,-2.71265375766074,0.00667468077952,0.170931662806595
"CNPY3",1714.33512878564,-0.468212539807466,0.150348039597056,-3.11419118641195,0.0018444992817546,0.0985855116109418
"COBLL1",6156.80930904361,-0.400860251677953,0.129849549093657,-3.08711315885142,0.00202110642364691,0.100930095278184
"COL18A1",20457.3408500117,-0.289281161856131,0.138898715475533,-2.08267701300008,0.0372806741103242,0.340707936753427
"COL7A1",118.102456855928,-0.452567933984464,0.21253397093976,-2.1293910426806,0.03322192092788,0.330292000773128
"CPE",579.142748081271,-0.591357022697344,0.291164054737057,-2.03100971111075,0.0422540095009568,0.357344380984731
"CPN1",1883.17852449424,-0.346643458245592,0.146339187919067,-2.36876713049209,0.0178474867538974,0.263109063889576
"CPSF1",1761.54899157461,-0.393572438646665,0.124595237041933,-3.15880805711864,0.00158415787061582,0.0911385824938666
"CR936829",7.64622062816631,-0.958059931723279,0.449907271322379,-2.12946087514284,0.0332161485727375,0.330292000773128
"CROCCP2",1355.7055231297,-0.286253311841972,0.11818743291891,-2.42202833898907,0.0154341468786677,0.248521263005486
"CSRNP3",152.45768169365,-0.681839349247923,0.252121404568744,-2.70440881611863,0.00684260467487648,0.173621924744301
"CTAGE4",11.6645712772396,-1.00929596121777,0.487564717946297,-2.07007587724782,0.0384452394676302,0.344883147124615
"CTH",2447.96417282327,-0.333903374639217,0.158420290078404,-2.10770586566888,0.0350564396232663,0.337417898494236
"CXCL2",3766.98557370151,-0.451570987840132,0.20663944576528,-2.18530874474502,0.0288662166528273,0.315004329328709
"CYB5RL",193.280307803938,-0.26864283918229,0.117884610433547,-2.2788626793124,0.0226752295404339,0.291244866864689
"CYP1A1",1198.7333572878,-1.67282686546614,0.532479762713913,-3.14157829574624,0.00168039872789369,0.0928084217415683
"CYP1A2",15932.3366519378,-0.837152763280195,0.413591760954682,-2.02410406181163,0.0429594457888971,0.359492453169816
"CYP2D7P1",1456.43917136679,-0.742624022519106,0.251623055694402,-2.95133536340576,0.00316403172680119,0.123935795937042
"CYP2E1",263699.421384602,-0.32621481220703,0.14033057775046,-2.32461675449748,0.0200924620984292,0.272782904543956
"CYP2G1P",20.3958999804827,-0.767086640849463,0.351526182487978,-2.18216075804168,0.0290976703536198,0.315063734470977
"CYP3A4",116878.926741785,-0.647435758620223,0.223994004181917,-2.89041557600983,0.0038473285398688,0.134486047630984
"CYP3A43",3177.44102652629,-1.07116677857201,0.250946377751541,-4.26850862789723,1.96784217598705e-05,0.0116447060764034
"CYP3A5",21607.6404653869,-0.31019313986916,0.154153989296702,-2.01222907875662,0.044195794531209,0.363853017734809
"CYP4F3",14077.5488112312,-0.394020739491141,0.104236646892224,-3.78005961663888,0.000156790812049456,0.0393616206795066
"CYP4X1",432.479884692384,-0.450576571399412,0.216548854654676,-2.08071556008889,0.0374599489823356,0.341221682711517
"CYP4Z1",31.2434277510736,-0.65810611060117,0.317095013123214,-2.0754224549897,0.0379473988497123,0.342783562998883
"D28408",65.1246446988137,-0.729180589630759,0.247995219846425,-2.94030098677836,0.00327893561963887,0.12585899669218
"DCAF11",13321.7173431507,-0.349114771524585,0.122539449543002,-2.8489990189002,0.00438570157115957,0.144754361220205
"DCT",13.5344761369891,-0.673477823757106,0.329880391852399,-2.04158185933781,0.0411930262688195,0.353092215337853
"DDX60L",993.945375455931,-0.408441821521895,0.153532857257954,-2.66028932709604,0.00780735526531536,0.183489460129092
"DEPDC5",731.417287426854,-0.319625359204781,0.0978134296409031,-3.26770424448057,0.00108423602670285,0.0770833411768765
"DEPDC7",1771.42686549361,-0.421718987895897,0.136135861825347,-3.09778027803528,0.00194975928723339,0.100327831149596
"DFFB",242.856929331126,-0.419700502764366,0.154048537353281,-2.72446924829844,0.00644049277921436,0.168222493780271
"DFNB31",124.750097419632,-0.434465952704747,0.153876320971966,-2.82347504775541,0.00475061236640418,0.149360334533114
"DGCR6L",1001.09231732707,-0.36677155189582,0.165922680819935,-2.21049678129208,0.0270707036589761,0.310212150966413
"DIO3AS",83.500029350591,-0.734687697696232,0.318573836514843,-2.3061771353656,0.021100736632567,0.278753624203802
"DIRAS3",147.109102542954,-0.598483290769094,0.225410803163656,-2.65507811679538,0.00792900447059098,0.183999544920479
"DNAJC12",960.746551854592,-0.38716146559218,0.1395218689025,-2.77491599444338,0.00552159681436945,0.15938560560503
"DNASE1",76.9606222930326,-0.298273711354405,0.135678653592042,-2.1983834852257,0.0279217895643941,0.311916581738127
"DNHD1",1505.93936220901,-0.468489803583325,0.161050117397761,-2.90896902872943,0.0036262278173509,0.13108507970745
"DOK4",1134.90981434306,-0.392449330103825,0.160768528385145,-2.44108305304416,0.0146432866753269,0.244581267059972
"DQ573668",181.744240867933,-0.442739959648537,0.174170713772432,-2.54198854709301,0.0110223785181255,0.211876674558822
"DQ573949",105.448564818942,-0.384696061472696,0.17491949655533,-2.19927491816791,0.0278583800410506,0.311916581738127
"DQ574505",12.8514771861204,-0.597970661342898,0.298973602029265,-2.00007845938306,0.0454917923652084,0.367356905884764
"DQ574721",53.1821198527585,-1.61355574994588,0.820858245414184,-1.96569353960954,0.0493340215370466,0.381103726303346
"DQ590432",4.99579895472185,-1.08181934014849,0.501339866017988,-2.15785620389836,0.0309390134940366,NA
"DQ597730",135.057388723476,-0.306657923771079,0.101276741911189,-3.02792050755338,0.002462428525724,0.109263423424209
"DRD1",83.5652827411392,-0.697242423325554,0.201962806896254,-3.45233082289116,0.000555765866748611,0.0609764781727725
"DUS3L",249.931023661238,-0.31798922567998,0.120638188642319,-2.63589191166313,0.00839164575340813,0.189244476737192
"DZANK1",63.5301684599949,-0.291637121216326,0.133776464393394,-2.18003310626235,0.0292550076116721,0.315063734470977
"E4F1",206.986009736773,-0.264497481472587,0.129903090200387,-2.0361138527542,0.0417389240214779,0.355198886549495
"ECE1",3492.31633888533,-0.287178847550012,0.119238716522652,-2.40843625229275,0.0160210239463825,0.253294223060698
"ECHDC2",30302.596049912,-0.524285440424679,0.192661793251951,-2.72127354144915,0.00650309248878093,0.169151867263126
"ECM2",1629.51736721612,-0.420124118224243,0.161181574183171,-2.6065269578941,0.00914656237078113,0.19479356288107
"EFCAB12",41.1434273379448,-1.04543498303964,0.340804679301161,-3.06754879417548,0.00215822222257835,0.105127395742702
"EFCAB2",187.700406273057,-0.39244529315169,0.184155912715992,-2.13104910596558,0.0330850968805221,0.330190478387215
"EPB41L1",828.674288970575,-0.716936931827701,0.344131865926037,-2.08332038620855,0.0372220297221597,0.340707936753427
"EPB42",3.37148055121597,-2.37958292451591,0.808378589195826,-2.94364912223011,0.00324367514984384,NA
"ERICH1",277.877253659709,-0.26906412011108,0.120275032025854,-2.23707377648623,0.0252815185557486,0.302665809935115
"ERV3",309.23168312541,-0.41888369645216,0.177885345435266,-2.3547959806762,0.0185328778212712,0.264784964423799
"ESPNP",44.9012904150799,-0.708446670527571,0.250240562312677,-2.83106249434639,0.00463936553187455,0.148090745225223
"EXPH5",594.175778633434,-0.552108415748688,0.201837560039982,-2.73540968112834,0.00623026812814166,0.164707662805898
"F11",12557.9429640163,-0.357906535769155,0.109744630206475,-3.26126695306899,0.00110915564436012,0.077216806182365
"FADS3",388.888544533561,-0.51656602343449,0.131164516209483,-3.93830616970739,8.20588443335131e-05,0.0283256873283746
"FADS6",205.704057604253,-0.44055425911885,0.193370242851044,-2.27829397441579,0.0227090684317771,0.291436011683376
"FAM110C",623.952972626988,-0.408245206223361,0.175975761540495,-2.31989452780073,0.0203465836806492,0.274074909229779
"FAM126B",863.822508353521,-0.307766319098199,0.138369136336663,-2.22424109339947,0.0261322276184441,0.306452499024002
"FAM160A1",71.285126477582,-0.832184482014085,0.186188741770064,-4.46957465904034,7.83752987319957e-06,0.00677894850568056
"FAM184A",320.485400574221,-0.380400579528774,0.180789677825483,-2.10410563315443,0.0353692335833876,0.337417898494236
"FAM19A2",19.3159151035343,-0.584096839429933,0.207005185190948,-2.82165318173622,0.00477768144485995,0.149556953586076
"FAM221A",275.881326493798,-0.293569873970407,0.129047073401763,-2.27490532122673,0.0229116100732958,0.292692727297176
"FAM227B",52.9837250210307,-0.459868492071011,0.178604303979983,-2.57478953095414,0.0100301099870716,0.202430018953147
"FAM99B",697.199034506362,-0.419585395036284,0.207649799080292,-2.02063954260819,0.0433170924373559,0.361189782866453
"FGA",613382.181087574,-0.341156390102331,0.153363998323865,-2.2244881056237,0.0261156218929064,0.306452499024002
"FGG",410987.276315125,-0.353915738572445,0.149927828413432,-2.36057403297077,0.0182466758872352,0.264081005801478
"FITM1",216.257244316329,-0.772585550718065,0.219377455257004,-3.52171808088925,0.000428759845148664,0.0562297041394953
"FLJ00285",305.321644996845,-0.278730746570078,0.127685130480735,-2.18295384529629,0.0290392091232937,0.315063734470977
"FLJ00313",196.337258560202,-0.4682674346315,0.133673579878096,-3.50306646278597,0.000459934686915935,0.0562297041394953
"FLJ13197",156.408000683699,-0.538289390631012,0.269956174531702,-1.99398806700678,0.0461533586132175,0.369743466529626
"FLJ14186",292.819368077663,-0.482894445383072,0.150316222921049,-3.21252381146314,0.00131574241222538,0.0835269579623075
"FLJ35282",58.3501935342432,-0.979620470549091,0.32017570492515,-3.05963399308546,0.00221607631902636,0.105127395742702
"FNIP2",4468.21092436765,-0.366869281759834,0.154463766025207,-2.3751154798334,0.0175434605940298,0.262223773208226
"FOS",582.567415557679,-0.985811044552781,0.421871198980036,-2.33675834457576,0.0194517529043788,0.269929726861518
"FP15737",797.890157270151,-0.317087364850123,0.115027268496825,-2.75662778916527,0.00584007877718709,0.163729721250783
"FPGS",1297.20422512866,-0.3117215179101,0.0968607893614307,-3.21824259295398,0.00128978680043795,0.0828795410014571
"FSTL5",4.83843837291308,-2.42970921891409,1.13773981229879,-2.13555787768813,0.0327154678763665,NA
"FUT6",237.774398689311,-0.754238544519908,0.246877549955096,-3.05511191542972,0.00224976553868338,0.1058987648024
"FW340046",28.1632869001379,-0.925874452545819,0.317106823130292,-2.9197556943308,0.00350305886957799,0.128696635055516
"GADD45B",3039.12041949142,-0.292925972621925,0.121348111678439,-2.41393103337405,0.0157814492028007,0.251137526621709
"GADD45G",538.778044618982,-0.686066582695128,0.216267142763442,-3.17231075386039,0.0015123108817625,0.0891725231313982
"GCAT",844.512815769553,-0.567670819740388,0.195360986447965,-2.90575324204553,0.00366370246985963,0.131109905449469
"GCDH",2890.94756813089,-0.408559633565191,0.169252766776912,-2.41390224423158,0.0157826961648052,0.251137526621709
"GCGR",2668.89717524215,-0.288450219696507,0.128742742740556,-2.24051634722274,0.0250574207156829,0.301727037673074
"GCHFR",1227.34895885255,-0.483770760550039,0.161637905856117,-2.99292890481191,0.00276314108472367,0.115612334931279
"GDF7",23.738662462123,-0.819573713504404,0.247908856301506,-3.30594770082615,0.000946557534434944,0.0736315107420309
"GHRLOS",29.0376566909014,-0.705250755374924,0.315901181623078,-2.23250432857324,0.025581649463155,0.304280222508985
"GK",1923.69445230292,-0.398416440820741,0.163211206068418,-2.44110959301242,0.0146422105307141,0.244581267059972
"GLS2",10425.4939726659,-0.473928850857687,0.201243474184547,-2.35500233127101,0.0185225894909256,0.264784964423799
"GLYCTK",9144.96621897426,-0.363610380637064,0.162237629170691,-2.24122099475768,0.025011763564025,0.301727037673074
"GNG7",362.828949258731,-0.297159067287705,0.113085404961827,-2.62774022331187,0.00859541281653532,0.190602495428693
"GNMT",6464.68071202131,-1.07521177714672,0.27060421089796,-3.97337415252626,7.08616054502427e-05,0.0267014640926307
"GNN",86.8729786700645,-0.887496594689594,0.241973439292667,-3.66774385355645,0.000244700138278451,0.0477095820296135
"GNRH2",13.0594171417982,-0.711761250558113,0.357442976536307,-1.99125817901143,0.0464525106638154,0.370747422537937
"GOLGA2P5",1094.89293702997,-0.425240585660635,0.122834526096097,-3.46189788144709,0.000536380632263274,0.0604577598365319
"GOLGA6B",111.559286652261,-0.713366816285019,0.280635041441558,-2.54197342078386,0.0110228555416564,0.211876674558822
"GOLGA8O",190.779442991322,-0.446018786702488,0.175099118945497,-2.54723604201183,0.0108579961630415,0.21032664032286
"GOLGA8T",16.2731941504723,-0.633863821920978,0.272037539639469,-2.33006011876536,0.019802973885502,0.271180964659956
"GPR162",154.732489658452,-0.747254388987748,0.250303255114187,-2.98539620927764,0.00283211229952778,0.116729524106656
"GPR88",239.353930746342,-0.994251597870883,0.452824165199127,-2.19566815175084,0.0281157043185903,0.312671320721451
"GPT",2298.96549834942,-0.70840861929168,0.18054122812142,-3.92380525303201,8.71612030042812e-05,0.0293080092534321
"GRAMD3",966.878498077799,-0.460101564183915,0.139377129036225,-3.30112671544793,0.000962973802957742,0.0742116880986364
"GREB1L",274.233448255869,-0.326481027845921,0.160076823228382,-2.03952715490943,0.0413974439059117,0.353576819845317
"GRIK5",8.37482788726458,-0.777370795270973,0.331979470676042,-2.3416230940062,0.0192000934165384,0.268006221388373
"GRINA",5810.81787991227,-0.287130824370295,0.124349247908081,-2.30906763973789,0.0209398281293504,0.278229360284849
"GRTP1",1145.5738876016,-0.544764432243867,0.0965713646874555,-5.64105554484963,1.69010824168571e-08,0.000176422930061269
"GSTZ1",4300.84419184818,-0.392196952073829,0.177222524101407,-2.21301978437804,0.0268962816851011,0.309587298096172
"GTF2IRD1",218.536898768938,-0.386321987677889,0.188124751480328,-2.05354151773211,0.0400200874327,0.348195306313358
"GUCA1B",82.9453669091013,-0.370444361611963,0.15629764745927,-2.37012116070715,0.0177822569167692,0.262904710136118
"HAAO",6110.37135692106,-0.42308933790924,0.142224539509435,-2.97479843751698,0.00293181118975238,0.118770610276301
"HBT8",128.749201632235,-0.644586373955554,0.207924293841623,-3.10010130151765,0.0019345446628951,0.0999377203863363
"HCN3",223.622675363994,-0.420409739295477,0.147318762471114,-2.8537419962234,0.00432076059554857,0.143181364615289
"HECTD4",2356.49292718981,-0.297002686856201,0.108826700560625,-2.72913435146137,0.00635008270674027,0.166478671468322
"HGD",22791.7151549953,-0.383706622749032,0.179385586343539,-2.13900475824295,0.0324352830130135,0.328615256868587
"HOGA1",1958.46645449435,-0.43791192071574,0.166517542440166,-2.6298245476034,0.00854289453634377,0.190507697944388
"HORMAD2",108.393674790013,-0.48280672085739,0.241505161699611,-1.99915694331169,0.0455913755671426,0.367414154558359
"HPD",50370.0943584547,-0.260502231317983,0.116244168645599,-2.24099182224093,0.0250266047292999,0.301727037673074
"HPN",13548.6523760819,-0.27524934131264,0.122518228011961,-2.24659910430445,0.0246656594763616,0.301494142598687
"HPR",12775.8821089208,-0.399451046653231,0.184710046253176,-2.1625843031067,0.03057316663322,0.320659021206529
"HPRT1",495.470849907816,-0.405510722990092,0.162426501223882,-2.49657980646368,0.0125397448435654,0.224802348667575
"HSD17B11",4434.17805511401,-0.392675642127687,0.148987622491084,-2.63562593698807,0.00839822550642375,0.189244476737192
"HSD3B2",27.654980840953,-0.726437913831494,0.220346183589905,-3.29680279456755,0.000977921391717571,0.0743265116484791
"IDNK",1034.96805573889,-0.344894669478217,0.139603243753134,-2.47053478275984,0.0134911198293607,0.233822556958867
"IDO2",1051.83101089844,-0.881228566573528,0.378272530527442,-2.32961289931572,0.0198266197684623,0.271180964659956
"IFNLR1",343.419424783212,-0.395970507895021,0.156857952952228,-2.52438910774015,0.0115899564498984,0.216482810287288
"IFT140",231.837577106207,-0.271902176703026,0.109968540383197,-2.4725451093154,0.0134154781754985,0.233130619088269
"IFT81",171.073915248937,-0.331155692839674,0.150000495822306,-2.20769732142732,0.0272653796895602,0.310212150966413
"IGF1",2545.67127185332,-0.897101940040628,0.251204257169649,-3.5712051624777,0.000355342405901708,0.0514860387305352
"IGHG1",5.07538618419707,-1.94884010387627,0.793638124445694,-2.45557772975865,0.0140658329835267,NA
"IGSF23",284.343269915677,-0.722519805786316,0.25103762073205,-2.87813357886112,0.00400035709712625,0.137514350087728
"IL1RAP",5843.35178086167,-0.448758539244634,0.174362908608521,-2.573704137112,0.0100616271965893,0.202620366084814
"IL1RN",1064.50059114423,-0.311950708781511,0.150865321773133,-2.06774297177859,0.0386641988053467,0.34560024552829
"IL27",245.088947158825,-0.401225588964325,0.196593306836972,-2.04089139869369,0.0412616229529632,0.353174337960374
"ILDR2",191.33735882075,-0.418070237045778,0.202852081532921,-2.06096104060894,0.0393067570519287,0.347370673597911
"IMPA1",1094.15098775058,-0.296228109561876,0.138809868486067,-2.13405655370683,0.0328381517249087,0.329710148471657
"IRS1",1490.01080862736,-0.357005298807853,0.0925481523817404,-3.85750865490309,0.000114548624415459,0.0327233820334438
"ITIH4",154482.654765919,-0.319658567790222,0.114075320079034,-2.80217112315578,0.00507599410857368,0.152180738382441
"ITLN1",517.383481975299,-1.67539158983661,0.534378420886119,-3.13521565309174,0.00171727819214995,0.0942171601514324
"IVNS1ABP",2760.52806414682,-0.273124641072954,0.138406412143949,-1.97335251194064,0.0484554140062312,0.377825839426633
"IZUMO4",89.9216613606611,-0.755302006505635,0.190098190141783,-3.97322039700799,7.09073824657946e-05,0.0267014640926307
"JAKMIP3",7.9859080098544,-0.836333950443663,0.35222428154086,-2.37443581908945,0.0175757914740644,0.262290212660021
"JX088243",19.1159682604695,-0.931622181040495,0.255273722190598,-3.64950286714159,0.000262748307394858,0.0477095820296135
"KALRN",953.118247250749,-0.334449422296735,0.131125244502724,-2.5506104760002,0.0107534436724765,0.209369927390438
"KANK4",391.859833719787,-0.543249974109048,0.244703906488676,-2.22002983893593,0.0264167421690827,0.307033122943359
"KATNAL2",146.047296245923,-0.371409213515301,0.146632936215531,-2.53291806807563,0.0113117389274802,0.213710606943466
"KCND3",363.33674145784,-0.631208066503487,0.141848330425233,-4.44988012626762,8.59182320111605e-06,0.00677894850568056
"KCNT2",490.112585994555,-0.400430233830383,0.183231461290086,-2.18537925207306,0.028861050847034,0.315004329328709
"KIAA0913",29.0000693154575,-0.712099350436097,0.266313850851679,-2.67391030604974,0.00749725005018863,0.181699668151455
"KIAA1804",253.543758240478,-0.354118648217685,0.138770585519388,-2.55182787398566,0.0107159444421036,0.208885274660252
"KIAA1958",165.39188120394,-0.314819863837547,0.146289620217081,-2.15203145219998,0.0313948772563455,0.324639397052111
"KIF12",1646.76602121545,-0.414606456130279,0.192705544849456,-2.15150247209635,0.0314365609069394,0.324639397052111
"KIF25",18.1224692055656,-1.05572652430009,0.41604456546081,-2.53753230289349,0.0111637064900633,0.212770705706187
"KLF15",4048.96926027266,-0.300304013220091,0.109638678758761,-2.73903349274076,0.00616200956631122,0.164018968809512
"KLHL33",12.1621992379843,-0.790644715185715,0.270487560335203,-2.92303540394208,0.00346637099852944,0.128546048526064
"L2HGDH",908.140096994197,-0.271434576001964,0.130319436919174,-2.08284030700894,0.0372657821849552,0.340707936753427
"L3MBTL1",205.374449606645,-0.300888751537459,0.128248290862728,-2.34614238921529,0.0189688593085473,0.267485131815592
"LBX2",54.3158950863236,-0.405136320146121,0.174543855015518,-2.32111477147163,0.0202806503656186,0.274074909229779
"LCAT",4597.7387297105,-0.325931786383099,0.158019146798738,-2.06260945579098,0.0391497486341763,0.346698121389454
"LCN12",429.928402540109,-0.373996796450467,0.157733627507896,-2.37106571603919,0.0177368771444243,0.262904710136118
"LGSN",272.85486428297,-0.558495546395203,0.247989769040257,-2.25209107842083,0.0243165169816982,0.300488622611613
"LHX9",17.6475070534203,-1.30222925439062,0.542203827862779,-2.401733789899,0.0163175784078509,0.256028368030002
"LIME1",15.5522195383459,-0.678295374385844,0.287384843073999,-2.36023364047487,0.0182634285109339,0.264081005801478
"LINC00174",561.789042407599,-0.305460744139731,0.14209003832835,-2.1497688911439,0.031573500054213,0.325336643282497
"LINC00238",81.5572634119793,-0.881854412990757,0.305483545573669,-2.8867493053831,0.00389244236522475,0.134937524489593
"LINC00277",7.62437077631788,-1.2963897619407,0.484983688108082,-2.67305848367377,0.00751631454042222,0.181807030102563
"LINC00282",36.5598888954869,-0.528287060406763,0.218946828788528,-2.41285550162964,0.0158280932732635,0.251443602535668
"LINC00574",115.616636724565,-0.498010200261906,0.123731109554865,-4.02493925782731,5.69900237801656e-05,0.0255207487571233
"LINC00598",28.1384579921971,-0.860954145366226,0.437560786312203,-1.96762180775479,0.0491115686281262,0.380247467569824
"LINC00612",7.50582493637527,-0.757838559254969,0.352669981590521,-2.14886040438475,0.0316454673908023,0.325667305524308
"LINC00638",32.0940520946716,-0.564702495899938,0.179001674629448,-3.15473303291118,0.00160645028993102,0.0917837063926451
"LINC00662",57.8968900988859,-0.299391604605383,0.125178971177473,-2.39170846180641,0.0167701574455134,0.259327388235353
"LINC00667",1419.18051804271,-0.280497421228428,0.141421640239013,-1.98341230348033,0.0473213939383184,0.373569114785622
"LINC00853",16.2851556507546,-0.888151702453788,0.452279901700834,-1.96372135731396,0.0495624144400672,0.381428520774357
"LINC00862",13.2557111503775,-0.919525851763687,0.398840861231492,-2.30549560274363,0.0211388327422312,0.278753624203802
"LINC00939",485.099014672339,-0.767902427109354,0.219396350551762,-3.50006928181872,0.00046513725064239,0.0562544460284216
"LINC00940",18.1009661954934,-1.22120064658189,0.465921684115221,-2.62104273790334,0.00876612717680178,0.190817698891747
"LIPG",3793.43331063346,-0.372584451968332,0.143101365882181,-2.60364008178013,0.00922395649406185,0.195938121987322
"LLGL2",1078.87198475942,-0.355090266211906,0.139096607269751,-2.55283197183434,0.0106851029905242,0.208771130137457
"LMX1A",8.50960546569708,-0.933682637713249,0.429604383203105,-2.17335454250202,0.0297536433416832,0.317034158539131
"LOC100130557",80.6924345985654,-0.442660658587823,0.200695452772747,-2.20563372249924,0.027409655924608,0.310212150966413
"LOC100131347",11.2047078318169,-0.866546613709348,0.413233717260358,-2.09698913112499,0.0359945374957359,0.33806606860608
"LOC100133331",137.442788982795,-0.433706947022305,0.168567617160742,-2.57289599466031,0.010085150946149,0.202620366084814
"LOC100133957",26.0402479289444,-0.68305199166298,0.19946472139005,-3.42442506576029,0.000616101726555025,0.0616890035455569
"LOC100190940",16.2749882037566,-2.16918073204303,0.607335033479217,-3.57163774929388,0.000354755877291893,0.0514860387305352
"LOC100216545",136.704202349497,-0.308009779533432,0.152312749736486,-2.02221928280012,0.0431537030535049,0.360753635667771
"LOC100272217",104.011205734086,-0.344874949016278,0.15124884631182,-2.28018234469882,0.0225968760122548,0.291141243115902
"LOC100288069",54.9535025666226,-0.60782842694436,0.247343260081977,-2.45742870350664,0.0139935584040693,0.237560726636295
"LOC100288974",70.911899694867,-1.07162564777488,0.224777431269133,-4.76749663755961,1.86529107416604e-06,0.00309060078078571
"LOC100289230",63.4249343983418,-0.36195417421805,0.17912416156336,-2.0206887281927,0.0433119973976675,0.361189782866453
"LOC100505912",26.0660739690272,-0.64466825554382,0.262894865159495,-2.45219036572932,0.0141989521763694,0.239574784735504
"LOC100506085",89.5744281348747,-0.758380242498124,0.252401130628543,-3.0046626202092,0.00265875586200928,0.114126750978321
"LOC100506207",28.1987535063939,-0.850260849740046,0.227935157410137,-3.73027513351143,0.000191270786618175,0.0441308871183025
"LOC100506229",7091.47094444062,-0.750258243750778,0.21846234940534,-3.43426794499372,0.000594156560076276,0.0616890035455569
"LOC100507053",70.7251345327442,-0.629405705372095,0.179402331188916,-3.50834741778976,0.000450899799860622,0.0562297041394953
"LOC100507489",32.1994121274937,-0.694545660446098,0.209895781542521,-3.30900247418929,0.000936290097054375,0.0731763708400657
"LOC100996255",47.2492535748888,-0.66478562486836,0.200225184957816,-3.32018984029616,0.000899562542569851,0.072353649358446
"LOC145837",497.624566166061,-0.478556203517403,0.200689471957897,-2.38456057933024,0.0170995324227328,0.259327388235353
"LOC150776",693.599943517903,-0.486740583615556,0.129275686401308,-3.76513633124002,0.000166458234723607,0.0405595072225801
"LOC152225",17.3646254931681,-0.829402236772721,0.321088580127811,-2.58309478475557,0.00979184173625943,0.200807222849719
"LOC253039",637.736136525463,-0.552585289840567,0.211870912799368,-2.60812247674526,0.00910403735827173,0.194271825470502
"LOC257396",192.266112478923,-0.282035888028923,0.13062975474045,-2.15904782634939,0.0308464567065628,0.321645652090018
"LOC283177",296.786000841553,-0.510054765765047,0.219460176930072,-2.32413357584947,0.0201183360101825,0.272782904543956
"LOC283335",299.942527811734,-0.336599269581741,0.144689342387208,-2.32635841747733,0.0199994379965551,0.272061320332448
"LOC285540",22.5089696602132,-0.489765923373584,0.227052597641803,-2.15705932660694,0.0310010422103071,0.322851205771577
"LOC339874",34.8223728483499,-0.526024198296998,0.267888538140051,-1.96359352269859,0.0495772491654115,0.381428520774357
"LOC399744",115.27637972753,-0.507046758143187,0.173204146420157,-2.92745161488915,0.0034175223188873,0.127845947924512
"LOC399753",23.908888968312,-1.12948367990904,0.478216248762867,-2.36186805201827,0.018183112682843,0.264081005801478
"LOC643699",55.4760008699279,-0.776687307206007,0.245757227398243,-3.16038439816627,0.00157561115505394,0.0911302173002083
"LOC646719",162.335598866485,-0.275790267971947,0.118225479316215,-2.33274814842829,0.019661367524508,0.270737537076327
"LOC727896",18.9289374359551,-0.963550133304461,0.29419835772004,-3.2751716929072,0.00105597774302373,0.0764039092758087
"LOC728175",58.536284744143,-0.422582807526539,0.199507216648486,-2.11813294088049,0.0341638104570919,0.332752652197132
"LOC729603",229.744791353546,-0.314095655227309,0.14933254354441,-2.10333024384534,0.0354369114632111,0.337417898494236
"LPAL2",892.841591749592,-0.504358087895331,0.133360701587269,-3.78190937729348,0.000155630022762454,0.0393616206795066
"LPIN3",2398.62610956711,-0.430580149702738,0.145255753242849,-2.96428981358738,0.00303382416256104,0.121180756738788
"LRG1",11481.9613814586,-0.484715285883332,0.166653207403283,-2.90852659505301,0.00363136288162952,0.13108507970745
"LRIG1",1605.25750803238,-0.315776950240499,0.158310133190905,-1.99467301224303,0.0460785546817809,0.369743466529626
"LRP1",21873.2296888451,-0.32170758234231,0.109475652757528,-2.93862218894317,0.00329674678580437,0.12585899669218
"LRP5",3408.1730142216,-0.27591391785426,0.107149128508822,-2.5750458421278,0.0100226801766364,0.202430018953147
"LRRC16B",160.527769977828,-0.564943676524674,0.234062068605217,-2.41364899443635,0.0157936690651108,0.251137526621709
"LRRC56",24.9847473748996,-0.468755707116137,0.227038480635328,-2.06465311873302,0.0389558333845312,0.346278564894563
"LUC7L2",443.761799905097,-0.435921128935881,0.219031503761144,-1.99022113919857,0.0465665806512406,0.371300132247548
"LYNX1",1826.16281827934,-0.273495693265441,0.13126795068999,-2.08349175733949,0.0372064222500258,0.340707936753427
"MAGI3",817.915125126887,-0.287854024997119,0.13724029722603,-2.09744536273507,0.035954169019716,0.338049149345267
"MAMLD1",257.406898486472,-0.331275153487325,0.164597332287519,-2.0126398701812,0.0441525293572557,0.363853017734809
"MAN1C1",1347.48089440099,-0.47066309450975,0.237351456505825,-1.98297959253601,0.0473697091052322,0.373569114785622
"MAPK8IP1",211.401344097785,-0.266152149497105,0.110618621002505,-2.40603387643999,0.0161267692004516,0.254194453260158
"Mar/02",6611.30785256231,-0.368302530254885,0.109014988562158,-3.37845772505756,0.000728936391844365,0.0663612476729081
"MASP2",5214.16645908577,-0.300417134179872,0.102107913198215,-2.94215330399216,0.00325938525646273,0.12585899669218
"MAST2",1039.55784378407,-0.281314207311834,0.0827369040893434,-3.40010555637973,0.000673598440840275,0.0641428308407041
"MAT1A",96249.092350775,-0.401904135142698,0.13615945156495,-2.95171675945672,0.00316012658542118,0.123935795937042
"MBL1P",313.245638650771,-0.797107069508199,0.25638184712644,-3.10906204336335,0.00187682302180824,0.0990294192823365
"MCFD2",6925.84432774062,-0.261335560832186,0.11055010155235,-2.36395586401549,0.0180809665028577,0.263889863127868
"MEGF10",51.8250744660528,-0.549386592516238,0.269613555505327,-2.03768164210639,0.0415817812753482,0.354864580629394
"MIB2",392.497507576411,-0.360443459531202,0.152559108675225,-2.36264791175814,0.0181448990833563,0.264081005801478
"MIR1295B",223.794857214762,-0.695422526458009,0.210797385892285,-3.29900925248363,0.000970267131863077,0.0743265116484791
"MIR30C2",4.8738511176877,-1.03433578000024,0.447616666580942,-2.31076243854115,0.0208459802905194,NA
"MIR570",50.615132388294,-0.891558506796127,0.257403542401529,-3.46366059487001,0.000532878403124527,0.0604577598365319
"MIR647",22.2349922651835,-0.623062038998671,0.22055846029729,-2.82492921903267,0.00472910615350749,0.148966843835486
"MIR7",14.8030523382796,-0.712233088074541,0.280886325228421,-2.53566309251738,0.0112234653139723,0.212770705706187
"MKNK2",1061.94733458772,-0.302537082754279,0.121847268127228,-2.48292052340789,0.0130310157733512,0.229692447179421
"MKX",18.7765039312732,-0.660987715930728,0.307513629963512,-2.14945827282243,0.0315980904089525,0.325387669351109
"MLXIPL",13954.4569723257,-0.336474216693532,0.126909777221354,-2.65128679649842,0.00801857203867038,0.185558268308282
"MOCS1",1630.40886952008,-0.305925104415799,0.108829337368817,-2.81105363509688,0.00493795536391409,0.151745459394322
"MORN1",91.4518724978909,-0.389364053517797,0.144427593847557,-2.69591179320462,0.00701962523281147,0.176079790404809
"MOV10L1",23.081094919643,-0.775963561463919,0.263244223245119,-2.94769454728503,0.00320153232214017,0.124814562460095
"MPST",4351.99492148405,-0.27188274327519,0.116716638087085,-2.32942575909642,0.0198365217676303,0.271180964659956
"MRI1",860.618218561177,-0.337355511142184,0.152029916104085,-2.21900741503546,0.0264862200756405,0.307239576336221
"MROH7",96.7944462277894,-0.895126771389979,0.265342733442018,-3.3734738456125,0.000742260976348153,0.0670139907942559
"MRPS24",13.4990508206437,-0.693423789656911,0.305852974903485,-2.26718013737067,0.0233792236893314,0.296154707422425
"MSLN",17.1631216991064,-1.3683860543189,0.679988884109812,-2.01236532875134,0.0441814405114375,0.363853017734809
"MST1P2",6077.49293889103,-0.444398463653051,0.171562910364794,-2.59029450309584,0.00958938554306485,0.199606192290253
"MSTN",7.2826615815394,-0.950758317518745,0.467622977661765,-2.03317279718114,0.0420350683356495,0.356263139626498
"MT1A",369.065331353224,-0.773382030467444,0.2645944709671,-2.92289565855519,0.00346792707412339,0.128546048526064
"MT1DP",112.54413992383,-1.39168740249312,0.491766163363609,-2.82997795735717,0.00465512111920298,0.148090745225223
"MT1E",12122.1274331449,-0.609126131065889,0.206783527999514,-2.94571882469922,0.00322205148507839,0.125026161724271
"MT1F",4616.13568037229,-0.702943838855817,0.336821941709877,-2.08698944993703,0.0368890882208863,0.34032032446095
"MT1G",20520.5232370332,-0.780174942099778,0.320112454838277,-2.43719021333902,0.0148018909381144,0.245045393800926
"MT1H",3264.81037029764,-0.925629400484947,0.418888646679025,-2.20972663695565,0.0271241399331577,0.310212150966413
"MT1JP",72.4041158998696,-1.12039068267413,0.441779536945628,-2.53608551093217,0.0112099357694449,0.212770705706187
"MT1L",275.277027904402,-0.998715677659006,0.399063759916806,-2.50264688997872,0.012326846126807,0.223559524233052
"MT1M",1922.89745472354,-1.14974006199457,0.365500730537279,-3.14565735697566,0.0016571402330184,0.0926089457754935
"MT2A",14328.230721096,-0.546563445324077,0.208468491961478,-2.62180361253379,0.00874658162642449,0.190817698891747
"MTG2",573.703297127318,-0.293881358504648,0.111540610174145,-2.63474763178917,0.00841998604743405,0.189244476737192
"MTHFD1",17217.2764991466,-0.390293618792784,0.122496649579938,-3.18615750007178,0.00144176084914447,0.0871483733015964
"MTHFD2L",511.868129960689,-0.581585360632413,0.225082724087115,-2.5838738312378,0.00976975264410059,0.200807222849719
"MTMR4",5673.7601720042,-0.336314836552548,0.115213353091757,-2.91906126787842,0.00351087212820985,0.128698319230772
"MTMR7",25.7037545964725,-0.686617800410248,0.249553522985184,-2.75138492214759,0.00593438662931616,0.163986634567151
"MTUS1",4279.78126734035,-0.338123480347277,0.12795198972564,-2.64258087015525,0.00822768142986099,0.187159508336108
"MUC16",14.2099656327674,-2.20536409099992,0.642065405257844,-3.43479663121592,0.000592998671843296,0.0616890035455569
"MUC20",367.231091240704,-0.496586217991819,0.155897203463738,-3.18534397640639,0.00144582043122959,0.0871483733015964
"MUM1",1929.39683997494,-0.323449457757908,0.0717879463864198,-4.50562349307008,6.61783378930546e-06,0.00670439342075747
"MYO15A",203.871440533816,-0.385873803278152,0.196353925089558,-1.96519526208683,0.0493916421303753,0.381103726303346
"MYO18A",4133.35533993088,-0.382694199773895,0.0903527132304713,-4.23555846959151,2.27984368410751e-05,0.0123764344346723
"MYO9A",663.011010865399,-0.264011697426531,0.132371284554819,-1.99447862362623,0.0460997737800964,0.369743466529626
"MZF1",415.209236078524,-0.309831567158072,0.099149744045146,-3.12488519402527,0.00177874466927263,0.0960000665315249
"NAAA",1813.85873745762,-0.382406401878814,0.110653473248997,-3.45589153824667,0.000548475971736735,0.0606809552621696
"NAGS",912.33391906003,-0.33035881686534,0.163579991797805,-2.01955516218441,0.0434295500311577,0.3613951053
"NAPEPLD",697.122082135736,-0.405290231292681,0.128942502164339,-3.143185718361,0.00167119770576815,0.0926089457754935
"NBR2",356.525546089893,-0.407218958770478,0.131917300533563,-3.0869261053964,0.00202237863675279,0.100930095278184
"NEU4",603.919529454106,-0.393901746449481,0.185452548256085,-2.12400287919234,0.0336699028177166,0.33167456586608
"NEURL",30.1749177630957,-0.636506129002694,0.271424659221578,-2.34505638075825,0.0190242025706373,0.26758235347444
"NEURL2",97.5854924459849,-0.423518923195304,0.120378130233661,-3.51823809169681,0.000434422404645833,0.0562297041394953
"NFKBIZ",1291.78976179678,-0.648127209110486,0.221128265752963,-2.93100118568537,0.00337871491898851,0.127521474926471
"NHSL2",68.6520428572629,-0.439855023749329,0.170642853921427,-2.57763518155797,0.00994789624219754,0.201993496123739
"NLRP14",38.8157995289195,-0.705314523539855,0.271765892533338,-2.59530184956279,0.00945078793333707,0.19851319423115
"NOS1AP",200.480695417734,-0.518840642696928,0.182317884594062,-2.84580223082419,0.00442996985025765,0.145346872176077
"NOX5",12.2311267941776,-2.00394024065919,0.648264569756382,-3.09123826003983,0.00199323624499735,0.100688815071223
"NOXRED1",20.7122341355418,-0.628668735960003,0.283006298015579,-2.22139486070871,0.0263242288207409,0.306727248474583
"NR1I3",4821.02798153843,-0.36887034706249,0.131646670028658,-2.80197248424279,0.00507912054592852,0.152180738382441
"NREP",1378.7996684795,-0.456903288444439,0.214173964374164,-2.13332787568066,0.0328978390365103,0.329710148471657
"NUDT13",295.387134282956,-0.423142685653003,0.181785322676916,-2.32770544630299,0.0199277497541325,0.271531978352156
"NUDT4",888.989399156028,-0.292287370166842,0.106168864412534,-2.75304225757863,0.00590442744275722,0.163986634567151
"NUP62CL",30.7203856916201,-0.696621779649875,0.264481093072103,-2.63391901310677,0.00844056179062011,0.189244476737192
"NXF5",9.89207982237801,-0.782737570593942,0.354798899907062,-2.20614429976806,0.0273738977998288,0.310212150966413
"OAT",4188.43423548995,-0.953112820182752,0.278174618430136,-3.42631123415068,0.00061183886994781,0.0616890035455569
"OMP",5.96460372350844,-0.873655034928059,0.40905122418103,-2.13580838604559,0.0326950353161012,NA
"ONECUT1",476.281646365095,-0.679911252248941,0.17005640899408,-3.99815129738869,6.38391420435853e-05,0.0267014640926307
"OPLAH",827.535529019709,-0.534472641603838,0.143304874016184,-3.7296194234362,0.00019176919986226,0.0441308871183025
"ORC2",617.516556006372,-0.411284728226071,0.156654822689683,-2.62542015090581,0.00865421046749219,0.190602495428693
"OSBPL6",622.230552697029,-0.579695789768843,0.197315414861426,-2.93791435492235,0.00330428291152746,0.12585899669218
"PACSIN3",650.228137926687,-0.40907392241831,0.185086461664026,-2.21017744215605,0.02709284988835,0.310212150966413
"PAIP2B",1946.33503599921,-0.324147009647101,0.140480572173454,-2.30741521501543,0.0210316838335521,0.278577560322712
"PALM2",572.778926401474,-0.411649368643763,0.133007759267193,-3.09492747574838,0.00196861026800078,0.100362780093861
"PAR5",51.7844689441385,-0.560436953267707,0.285879503767206,-1.96039571176839,0.0499495566903864,0.382762520726285
"PC",5438.49172824682,-0.432533928403441,0.159543150953084,-2.71107801130638,0.00670648456528233,0.171481084509511
"PCDH1",1232.61121231306,-0.264552547914004,0.124047592285137,-2.13266975231491,0.0329518268929676,0.329710148471657
"PCK1",45513.9020295342,-0.644763978187546,0.272528006343943,-2.36586318902515,0.0179880902650982,0.263889863127868
"PER1",4411.25909690777,-0.289985589266896,0.109738711408328,-2.6425095168822,0.00822941525375864,0.187159508336108
"PHF8",2423.367790932,-0.440964553999746,0.165559908657809,-2.66347425276226,0.00773383301272526,0.183179330100127
"PHYHIP",25.2299944150452,-0.698286807174584,0.288760360869804,-2.41822251873908,0.0155965359046704,0.249836943118462
"PIGL",469.306929137754,-0.336069247409948,0.129841501809086,-2.58830376056565,0.00964498856611276,0.200009781666987
"PKD1",1287.89739837331,-0.378279444344468,0.117588888214176,-3.21696590629781,0.00129553993115924,0.0828795410014571
"PKD1L2",122.944783691914,-0.782860871534234,0.318186757670961,-2.4603816867319,0.0138789324444112,0.237316854150103
"PKD1L3",69.8356662309482,-0.840855639035883,0.379010850075387,-2.21855294873124,0.0265171535746216,0.307239576336221
"PKD2",1023.95529383338,-0.357901614215043,0.163277748729498,-2.19198033412366,0.0283809266701473,0.312948654335281
"PLA2G16",1623.56998619505,-0.48144489469213,0.175098668183629,-2.74956343007264,0.00596747118982935,0.163986634567151
"PLA2G6",499.655670619934,-0.329285154754664,0.126200972986667,-2.60921248831776,0.00907508708887195,0.194019507065186
"PLEC",2454.16159582539,-0.372651595489661,0.11217150022326,-3.32215932521144,0.00089323673764676,0.072195314663752
"PLEKHG3",1367.27754765167,-0.272376154344552,0.12362165942191,-2.2033044663715,0.0275732963942157,0.310941115904958
"PLGLA",833.514285431117,-0.392463612553663,0.145947310332027,-2.68907739142857,0.00716498058761347,0.177717881882292
"PLIN4",1972.88137475244,-0.308898995172498,0.129265434177863,-2.38964884260914,0.0168644888027507,0.259327388235353
"PLIN5",3951.95935585131,-0.405513412991288,0.155088295481249,-2.61472609350018,0.00892990362361666,0.192405166631605
"PLSCR4",1528.00481210205,-0.304159977055625,0.1530569696682,-1.9872337582208,0.0468964984962451,0.371689874831322
"PLXNB2",4952.11340919945,-0.288545109534408,0.107570474478456,-2.68238204705695,0.00730999249860974,0.179170511404534
"PMM1",1208.10499573563,-0.289308237456049,0.138806573258731,-2.08425459013952,0.037137015515741,0.340707936753427
"PMS2CL",247.024185037909,-0.274821431372207,0.134636812934561,-2.04120571025238,0.0412303843757981,0.353174337960374
"PNPLA2",1076.15583290909,-0.312613981151631,0.132562119836834,-2.35824518751222,0.0183615607849056,0.264550174474001
"POLR2J2",237.961636637439,-0.636525022412767,0.285840036022997,-2.22685748039004,0.0259568003390703,0.305881808594331
"PON3",13426.7629613501,-0.474774060865136,0.1678743036052,-2.82815207967558,0.00468175598901643,0.148236374200191
"POU6F2",39.3625142455319,-0.564107711754311,0.271125424714809,-2.08061531797574,0.0374691306853909,0.341221682711517
"PPARA",9251.78234321165,-0.405719954977283,0.126538638319066,-3.20629303718493,0.00134456987094605,0.0843870386049437
"PPP1R16A",537.53879133674,-0.396697403979098,0.153252358350999,-2.58852397605868,0.00963882366520732,0.200009781666987
"PPP1R3G",50.477372684419,-1.10867204612648,0.325484339856203,-3.40622239034999,0.00065868500493205,0.0634520456204601
"PRIMA1",38.4830427513294,-0.602593223462998,0.273327587929699,-2.20465569548723,0.027478264291716,0.310352666018707
"PRKAG2",1839.17911996193,-0.32336518961329,0.117277810460875,-2.75725807245667,0.00582883279437023,0.163691407745628
"PRODH",615.049180113959,-0.969041804504258,0.4609533476685,-2.10225570419581,0.0355308825626325,0.337417898494236
"PSAT1",7013.75336760449,-0.414033150996707,0.19823273477873,-2.08862149563167,0.036741808637479,0.340192469088557
"PSD3",5086.27514689167,-0.323764639620163,0.157703597942717,-2.05299462944253,0.040073098375183,0.348195306313358
"PSD4",4406.9328702015,-0.389572405212929,0.124546833769454,-3.12791897973141,0.00176048703088106,0.0956377364415352
"PTH2R",21.5245999995499,-1.44564279743466,0.549320807230464,-2.63169131481332,0.00849610173798651,0.189719554847302
"PTPRD",1078.15674526739,-0.442913854530692,0.149723661947963,-2.95820880125565,0.00309432446416974,0.122655172360834
"RAB17",3647.3773485748,-0.326401196817927,0.129636232053517,-2.51782384945577,0.0118082359728271,0.218604091434381
"RAB37",841.401212766951,-0.271567325676778,0.115108612860729,-2.35922681133644,0.0183130590660812,0.264081005801478
"RAD52",324.685508812036,-0.295649259876404,0.112282694422741,-2.63307949097919,0.00846145412886517,0.18945653170428
"RAD54L2",1136.45882513131,-0.439362599664859,0.198626459616413,-2.2120043850822,0.0269663619454182,0.309851353033034
"RAG1",126.013618768924,-0.322013341462408,0.136063316841796,-2.36664333147794,0.0179502222035742,0.263889863127868
"RANBP3L",382.756730955325,-0.536747030964479,0.199670731343038,-2.68816079028797,0.0071846791365304,0.177717881882292
"RARA",622.641945387484,-0.262991888963444,0.127947778576939,-2.05546271993537,0.0398343329007944,0.348195306313358
"RASSF6",78.0594099010643,-0.587094448579172,0.268762740740395,-2.18443392473907,0.0289303776529067,0.315063734470977
"RCAN1",3183.28365481124,-0.329558481627859,0.134785451075255,-2.44505975236047,0.0144828145235054,0.24385094855085
"REXO1",396.150621182473,-0.315642475790502,0.111947580997193,-2.81955601879791,0.00480901361892727,0.149556953586076
"RFNG",35.0842005740078,-0.626877041186206,0.235177465926374,-2.66554892373259,0.00768627470016752,0.182985086658904
"RGS12",811.833066493208,-0.270059187704061,0.105145585836443,-2.56843105258024,0.0102160032651376,0.204124828657343
"RGS14",539.203224368965,-0.40080799334927,0.137898008358552,-2.90655389530441,0.00365433940637849,0.131109905449469
"RGSL1",14.6838605998224,-0.851034301948375,0.291373067656992,-2.9207720150382,0.00349165237701814,0.128696635055516
"RHBG",409.657462784283,-0.980839003694785,0.277871073596036,-3.52983486550569,0.000415819117389707,0.0562297041394953
"RHOB",14149.0258174276,-0.262302072909344,0.116977982525898,-2.24232002677318,0.0249406963273783,0.301727037673074
"RNF152",306.087678992071,-0.717522839146905,0.255672567414261,-2.80641308687732,0.00500964248226773,0.151745459394322
"RNF217",300.711042539322,-0.361804347038565,0.11644888005089,-3.10698004893178,0.00189009154263126,0.0991041986387893
"RPH3AL",490.147445211439,-0.2731363182402,0.112004915863645,-2.43861009254912,0.0147438668887737,0.245026209107414
"RPS6KA2",609.093144328445,-0.268753848791632,0.0916889191181978,-2.93114862053479,0.00337711172963712,0.127521474926471
"RSPO1",8.34055098144093,-1.17552205640522,0.571209518125879,-2.05795250097035,0.039594693227946,0.348195306313358
"SALL1",2138.87214293571,-0.322467963294229,0.140169277002529,-2.30056093739008,0.0214164611471491,0.28162646408501
"SARDH",5413.87394129508,-0.376688685283292,0.121194246364205,-3.1081400032085,0.0018826885795121,0.0990294192823365
"SAT2",5678.09746919842,-0.293778980767974,0.133232548154766,-2.20500909752707,0.0274534561461117,0.310349965838111
"SCARNA17",58.8968765933985,-0.608357571998806,0.254292141503689,-2.3923569497722,0.0167405524846539,0.259327388235353
"SCN8A",707.510237178558,-0.321463940105868,0.149163574992045,-2.15511018774532,0.0311532126839425,0.324028613283266
"SDHAP1",405.445346217204,-0.449263258455741,0.137475069338103,-3.26796167929789,0.00108325031455656,0.0770833411768765
"SDHAP2",272.366570060285,-0.616118071039796,0.195969121854548,-3.14395484966805,0.00166681154849943,0.0926089457754935
"SELENBP1",15115.2381063776,-0.280689157424092,0.127446220892361,-2.20241255847953,0.0276361795811289,0.311287463956306
"SEMA6C",527.880375701653,-0.396522783500271,0.139548639981686,-2.84146648474903,0.00449065718341686,0.146333235840882
"SHF",539.145793575773,-0.309734549107313,0.142039057326122,-2.18062943346745,0.0292108362789347,0.315063734470977
"SIPA1L1",1545.72102863785,-0.26315176796064,0.0681693163448386,-3.86026708305934,0.000113263158096656,0.0327233820334438
"SLC10A5",384.854444017086,-0.494829918076392,0.239292010579382,-2.06789151413076,0.038650225556674,0.34560024552829
"SLC12A6",1035.00047210915,-0.370944436711358,0.113608734540343,-3.26510490775368,0.00109423541107679,0.0770833411768765
"SLC13A3",907.8311327103,-0.379281909250727,0.152516166783933,-2.48683085372878,0.0128886662477933,0.227910684161886
"SLC16A10",436.359376083062,-0.643314479145163,0.188458832576483,-3.41355441053199,0.000641213533242167,0.0634352784117043
"SLC16A4",303.234747813222,-0.665036020415902,0.21060527046742,-3.15773683602463,0.00158999022722144,0.0911576057952665
"SLC1A2",2927.85586039524,-0.993400928359063,0.327340472504105,-3.03476353155996,0.0024072434568951,0.108091102540095
"SLC22A24",11.0381641178941,-0.661810460851934,0.328993946422677,-2.01161896152846,0.0442601190372631,0.363853017734809
"SLC22A25",3050.65536009617,-0.370911970334784,0.154485801885415,-2.40094536719882,0.0163527777450421,0.256337913394137
"SLC22A4",16.64886851786,-0.794050939253008,0.311096260846976,-2.55242842550136,0.0106974886527069,0.208771130137457
"SLC23A2",7276.24848408679,-0.662014197389283,0.220593010081325,-3.00106606798294,0.00269036185595517,0.114888158740519
"SLC25A34",244.971511199379,-0.527689405667352,0.208004841935418,-2.53690924094541,0.011183594361324,0.212770705706187
"SLC25A37",1190.60325668525,-0.379691907415835,0.127383961740831,-2.98068848092773,0.00287601192953273,0.117518515685057
"SLC25A48",4.50807582022306,-1.43608090821255,0.546783719073683,-2.62641490248731,0.00862895656997137,NA
"SLC27A5",19743.6825942372,-0.382289092714804,0.126208312168675,-3.02903260606071,0.00245338202522709,0.109263423424209
"SLC30A10",1233.23682321253,-0.348970773859569,0.17280737968983,-2.01942055070756,0.0434435273471382,0.3613951053
"SLC34A1",64.9994027265,-0.587299395893511,0.221087250475701,-2.65641458125628,0.00789764558349936,0.183999544920479
"SLC35A3",1591.1172991839,-0.310003973895469,0.137654818643391,-2.25203866417903,0.0243198287719339,0.300488622611613
"SLC35E2B",1649.13724205907,-0.290218025880349,0.143328170663678,-2.02484985705533,0.0428827837750238,0.359032260923885
"SLC38A11",74.4820788679315,-0.461615660597832,0.164612756052031,-2.80425206204509,0.00504334600638104,0.151965715229168
"SLC45A2",46.4979979686993,-0.830598070620623,0.308754655631958,-2.6901556153722,0.00714187069098016,0.177717881882292
"SLC46A1",5070.97984156209,-0.321334092354998,0.0892628202324065,-3.59986488796081,0.000318382571169757,0.0511967960555934
"SLC47A1",6798.11819948864,-0.308562772379745,0.109048049626781,-2.82960377040953,0.00466056834283801,0.148090745225223
"SLC51A",1958.5051172591,-0.455603555402231,0.164517842150237,-2.769326107415,0.00561723805804964,0.160192801004861
"SLC5A11",27.2114927529457,-1.19830212680145,0.461055777436072,-2.59903939055963,0.00934850451581695,0.197570626686953
"SLC6A13",1484.88333015597,-0.452157100177618,0.187899419999135,-2.40637837083105,0.0161115680285262,0.254194453260158
"SLC6A16",337.218757442258,-0.550892389277281,0.201225379245517,-2.73768841357298,0.00618726665694481,0.164289777626472
"SLC9A7",929.169737171994,-0.335562757724818,0.103912983045081,-3.22926691055767,0.0012410800485062,0.0822151000550019
"SLCO1B3",5349.86513942676,-0.377410713734324,0.18888511463334,-1.99809664444414,0.0457061834738083,0.367981415926885
"SLCO4C1",633.305120375746,-0.370330938569203,0.183196266154673,-2.02149828892545,0.0432282092935518,0.361012197472208
"SMG1",6825.55142719941,-0.347065694610942,0.139032725665755,-2.49628778367846,0.0125500737834212,0.224802348667575
"SMIM1",33.5500820031838,-0.808477432682257,0.268840702784512,-3.00727317072329,0.00263602767578976,0.113445045610807
"SMIM14",4632.36232230881,-0.314573746705883,0.11930350575958,-2.63675191020631,0.00837040242440214,0.189207636793887
"SMLR1",2470.84090345611,-0.263619936143652,0.107922148026136,-2.44268614890624,0.014578409171912,0.244236260434185
"SMPDL3A",1536.35444968981,-0.356312625163203,0.137257228401925,-2.59594798257054,0.009433034484963,0.19851319423115
"SNED1",1263.62197056659,-0.342185840988792,0.101230775639256,-3.38025505413687,0.000724185928103202,0.0662930201256462
"SNORA63",13.4668260000891,-0.669290533110202,0.332663877805838,-2.01191225667381,0.0442291871485387,0.363853017734809
"SNORA70F",13.8783206625301,-0.721359340287012,0.3295595539681,-2.18885883173891,0.0286071020947237,0.313589816476446
"SNORA8",80.4086388769911,-0.411118325868542,0.186374578575881,-2.20587125674524,0.0273930152755511,0.310212150966413
"SNORD97",6.16107760102205,-0.989974313767268,0.489153307914555,-2.02385284480218,0.042985295034344,NA
"SNX29P2",342.891723450464,-0.656038482646508,0.191359596938048,-3.42830196731079,0.000607369473278561,0.0616890035455569
"SOWAHC",1070.48313657964,-0.272900122173759,0.132784349428341,-2.05521300777268,0.0398584352832753,0.348195306313358
"SPATA13",2487.85446738764,-0.311606116508681,0.0977113692346407,-3.18904666825823,0.00142742831275207,0.0871483733015964
"SPATA25",93.072954568766,-0.451019498541786,0.158478864238508,-2.8459283874158,0.00442821522044959,0.145346872176077
"SPINK1",162.332864571806,-1.97351111068528,0.883056678384159,-2.23486346798992,0.0254263135627833,0.303740871969543
"SPTBN2",1885.5137641681,-0.29946509008845,0.131725004988838,-2.27341111214097,0.0230014171290772,0.293387590771116
"SPTBN4",33.0336261176448,-0.656325559934508,0.193421418697398,-3.39324137086032,0.000690707475964179,0.0646572438940705
"SRCRB4D",68.9558594401534,-0.600717778925951,0.273043787996033,-2.20007854174173,0.0278013230357953,0.311916581738127
"SRD5A1",1959.89067485585,-0.326800985071109,0.155284422593514,-2.10453166913318,0.0353320950903332,0.337417898494236
"SS18L1",2170.08161327783,-0.272516973742822,0.0961308237330393,-2.83485528533093,0.00458464482138834,0.14721507760772
"SSBP3",1271.44320220598,-0.274012517000127,0.121881125113307,-2.24819484350338,0.0245637683501177,0.301482386703048
"SSPO",105.587226149743,-0.791842250925092,0.22101731785166,-3.58271586417745,0.000340040414639961,0.0514860387305352
"SSUH2",24.468651973388,-0.673692436858329,0.338171330780696,-1.99216307101804,0.0463531686333976,0.370311307177803
"ST6GALNAC6",1610.47575245263,-0.303663361833564,0.108869027545962,-2.78925391985672,0.00528296270478819,0.156031032184734
"STAG3",250.048185081125,-0.478874643843304,0.213334484535623,-2.24471277996005,0.0247865770815406,0.301727037673074
"STAG3L1",16.2803177805282,-0.799968285899412,0.321300051836083,-2.4897857355701,0.0127820127336595,0.226750716256964
"STK31",22.7192711493128,-0.603983229328887,0.253907222484912,-2.37875560772903,0.0173711886977371,0.260945807373351
"STK40",1437.09108794336,-0.315038571519892,0.115497543394132,-2.72766469538518,0.00637844075667594,0.166957954024271
"STX1B",333.507909561898,-0.266279817388751,0.111465548706219,-2.38889791939718,0.0168989970557298,0.259327388235353
"SULF1",185.044609658697,-0.596338896346452,0.241504212326984,-2.46926913034146,0.0135389350572696,0.234218851415194
"SULT1A1",5667.31161292627,-0.787784894003488,0.227982416113339,-3.45546339684307,0.000549347775322918,0.0606809552621696
"SULT1A2",937.744165927283,-0.486230719375138,0.173218857991013,-2.80703108780664,0.0050000416068829,0.151745459394322
"SUN2",6117.11060394066,-0.367218315823112,0.104986736657595,-3.49775912190473,0.000469184683748683,0.056332761050956
"SYNE3",154.040488344335,-0.472746966717065,0.212384079138911,-2.22590586184129,0.0260204876533158,0.305881808594331
"SYT9",383.077581581557,-0.299467147165657,0.139691267619655,-2.14377857878012,0.0320506325138796,0.32743050603459
"TBC1D2",350.331209230771,-0.553179468409245,0.106451362183706,-5.19654663934324,2.03024682217895e-07,0.000840978989917075
"TBX3",1107.83763343538,-0.425969167722221,0.114919832716932,-3.70666365980065,0.000210007545366662,0.0450553924541333
"TBX6",30.5329346084366,-0.450999064625136,0.215990404218738,-2.08805139402582,0.036793198901588,0.340192469088557
"TCEA3",5198.25924596327,-0.304014692933792,0.117144044145376,-2.59522108146198,0.00945300924910239,0.19851319423115
"TCP10L",251.140516316982,-0.429286335537853,0.190748544608477,-2.25053531296392,0.0244149844737567,0.300519329239361
"TEC",183.699269341741,-0.273703110049282,0.103348305586583,-2.64835604701791,0.00808842884223685,0.185876806500724
"TEKT5",8.46099331677541,-0.835276835232528,0.346438236447125,-2.41104112467104,0.0159070546941326,0.252222052803732
"TEX14",14.0004233072393,-0.878202004880329,0.343647577789448,-2.55553090328605,0.0106025945884947,0.208391921395929
"TFR2",29731.9107341249,-0.301372533751951,0.097428778442514,-3.09325990297384,0.00197970672847415,0.1006188981107
"TGDS",667.623774225299,-0.338082293026598,0.131557606380375,-2.56984223359228,0.0101744839062949,0.203600270342271
"TGM1",30.1126941114475,-0.483511074204163,0.219164467928584,-2.20615631162309,0.0273730570379978,0.310212150966413
"TIAF1",94.7755323006524,-0.429153526917027,0.180810067750415,-2.37350459659923,0.0176201737309351,0.262307869315241
"TIAM1",617.638060044683,-0.30830417468482,0.0986581622527262,-3.12497382522753,0.0017782088185205,0.0960000665315249
"TMCO6",792.079637390074,-0.472595188013128,0.172172000005987,-2.74490154030094,0.00605290548369747,0.163986634567151
"TMEM120A",1896.93618258115,-0.402216770262118,0.151244160999996,-2.65938709701414,0.00782829626120469,0.183639621935641
"TMEM14A",1037.69050338427,-0.35241476607038,0.131525016158189,-2.67945046778418,0.00737431126407604,0.180480004925371
"TMEM17",62.1126911917408,-0.534241884932123,0.154170158767423,-3.46527427359056,0.000529690975160187,0.0604577598365319
"TMEM180",174.959144767337,-0.300072210919664,0.137958633068996,-2.17508831628966,0.0296234988387651,0.316053929336445
"TMEM82",525.303259369991,-0.363829482208155,0.164855417875636,-2.20696102619219,0.0273167822953272,0.310212150966413
"TMTC1",478.255094016341,-0.639810485744289,0.175666668982511,-3.64218488032005,0.000270333802193366,0.0480811415268647
"TNFSF10",6876.46703146054,-0.331076761667178,0.153424580047192,-2.15791212571899,0.0309346645578143,0.322362551609072
"TNRC6C",520.242028122863,-0.323505501065695,0.0882766585290939,-3.66467769007223,0.000247650256335253,0.0477095820296135
"TPGS1",6.40358546277511,-1.02781630323978,0.445394540619599,-2.30765357341371,0.0210184122313007,NA
"TPPP2",267.989424170648,-0.576307292241433,0.190557488572521,-3.02432245806024,0.00249190683173562,0.109518313779914
"TPRG1",347.525923589798,-0.536092008104371,0.176917717044791,-3.03017706230432,0.00244410406912594,0.109154610030587
"TRABD2B",526.977730648412,-0.620321113957844,0.226479935637624,-2.73896719464977,0.00616325229350001,0.164018968809512
"TRIM16",165.832494674703,-0.26618094844719,0.0983210184317843,-2.70726394714745,0.00678402964186464,0.17293013405547
"TRIM66",1840.08391824604,-0.383462577088071,0.192807569211526,-1.988835701089,0.0467193407807062,0.371639784588419
"TRMT10A",288.619263068992,-0.26475342568596,0.128732269424083,-2.05662051069558,0.0397227437068506,0.348195306313358
"TRPC5",119.974778273369,-0.722039037934454,0.165323351263353,-4.36743528616399,1.25714027275805e-05,0.0088854944457083
"TSC2",1855.58731292978,-0.354231209037711,0.096204547880133,-3.68206302969241,0.000231354191444633,0.0477095820296135
"TSPYL4",706.599932499839,-0.28855275507091,0.0760117179269899,-3.79616147273593,0.000146953800720692,0.038648849589542
"TSSK6",29.7135176389003,-0.454153979767038,0.228486103676233,-1.98766564994508,0.0468486803390152,0.371689874831322
"TTC18",341.658884915077,-0.515538890634674,0.231982620713816,-2.222316866015,0.0262618991214245,0.306727248474583
"TTC32",84.9322990113602,-0.477036123708862,0.19134853577798,-2.49302207497611,0.0126660971305048,0.226147158788075
"TTC36",1968.41867708019,-0.317577736643487,0.152817135576214,-2.07815527654032,0.0376950598119324,0.34203180545477
"TTC38",6723.79098568265,-0.267524700940171,0.0738792106328352,-3.62110935740387,0.000293342479359361,0.0490948640455076
"TTC39B",219.756622460773,-0.461909482574894,0.183005608696968,-2.524018175529,0.011602192982987,0.216482810287288
"UCKL1",610.716220567181,-0.270598160216871,0.0946781896141609,-2.85808338033956,0.00426208381291602,0.142176511405658
"UGT1A3",236.816119938104,-0.66466162372275,0.295235882058502,-2.25129011788291,0.0243671682950894,0.300519329239361
"UGT1A4",3707.46050320399,-0.359149137938208,0.159090266234023,-2.25751798925207,0.0239757267064078,0.298659103706435
"ULK1",1362.33100621275,-0.408645542613787,0.147201110927196,-2.77610365872781,0.00550146652703036,0.159359788262878
"UNC5CL",1308.6316830688,-0.404411506577756,0.13960163483161,-2.89689663781921,0.00376873902007371,0.132938196619981
"UNC93A",603.302332776746,-0.927819896056013,0.419698013588712,-2.21068450651578,0.0270576921734007,0.310212150966413
"UNQ2790",196.188840850309,-0.46014320133532,0.224202877704261,-2.05235189684889,0.040135475817255,0.348195306313358
"UPK3B",25.8804671440576,-1.39613427650798,0.545866452743164,-2.55764806481866,0.0105382684306989,0.207867344795536
"UPP2",1393.81557121442,-1.15256633885306,0.435886673544373,-2.64418806264727,0.00818871452411827,0.187143187517401
"VEGFA",6288.631132181,-0.306908900669187,0.0940872452304335,-3.26196074630012,0.00110644463677967,0.077216806182365
"WASH3P",292.749456173649,-0.769160332711617,0.177953772250568,-4.32224798038335,1.5444745574813e-05,0.00983418268269707
"WBP1L",2794.87937045014,-0.288256757020426,0.136836833809478,-2.10657283565749,0.035154623445516,0.337417898494236
"WDR27",661.212987231419,-0.341598143155545,0.14899498146,-2.29268220854306,0.0218663075665188,0.28553465922808
"WT1",5.19132330449207,-2.53584340092063,0.780419282302821,-3.24933463129972,0.00115675313627075,NA
"XAF1",3310.43026967674,-0.286145850847851,0.142915227406894,-2.00220687494108,0.0452624865982696,0.366725741049746
"YJEFN3",17.883091429753,-0.621613301396985,0.267698711284642,-2.32206310749112,0.0202295378137599,0.273842493493618
"YPEL1",263.027909729577,-0.285814398856923,0.118624332072389,-2.40940786652867,0.0159784298806644,0.252862086621517
"ZBTB20",131.776676162426,-0.644428053730586,0.264684115963374,-2.434706183199,0.0149038861306499,0.245958654680018
"ZBTB48",899.735040940625,-0.370911244967881,0.101471184693804,-3.65533571020314,0.000256845650141207,0.0477095820296135
"ZC3H6",525.550850730285,-0.403558210761485,0.143440240617379,-2.81342396683481,0.0049016976583493,0.151240648978007
"ZDHHC19",28.6754527028315,-0.891461505739508,0.266326505860706,-3.34725040926178,0.000816174477701392,0.0688485064795883
"ZFAND5",12282.2457068078,-0.476913286906752,0.141431322045224,-3.37204856753199,0.000746112899968495,0.0670139907942559
"ZFHX4",847.107673440083,-0.346869970390705,0.145644055590503,-2.38162806565876,0.0172362963514695,0.259510673426676
"ZFP1",929.240839777419,-0.336104096515452,0.139016983694929,-2.4177196741157,0.0156181036258984,0.249836943118462
"ZFP36L1",4091.59300417103,-0.275720038797984,0.0919089890054375,-2.9999246187081,0.00270046429573264,0.115023118035975
"ZGPAT",1947.26472006629,-0.400456220705702,0.16465848224637,-2.43204124830035,0.0150139973776832,0.246303883713696
"ZKSCAN1",7277.90063898258,-0.33478370578572,0.14814840186685,-2.25978614394106,0.0238345267784126,0.297770413985772
"ZMAT1",1001.32642656971,-0.441549385066103,0.208228192178199,-2.12050722069484,0.0339632932428843,0.332752652197132
"ZNF117",419.943920805456,-0.512494502098266,0.213519624363457,-2.40022201062835,0.0163851308504333,0.256359993447431
"ZNF175",266.770384911171,-0.263601442472716,0.0965183921355915,-2.73110063937246,0.00631231925866353,0.165894890724202
"ZNF192P1",29.2503721795902,-0.59958058526979,0.275657874697929,-2.17508963212758,0.0296234002525378,0.316053929336445
"ZNF213",100.704402739125,-0.267797864293366,0.127375007234855,-2.102436499176,0.0355150567428528,0.337417898494236
"ZNF214",108.770101093166,-0.383778431361525,0.123181112952906,-3.11556229816051,0.0018359456329366,0.0985198365785529
"ZNF254",391.335198226125,-0.308060340359359,0.156000439161722,-1.97474021236568,0.0482976370059433,0.377457169859377
"ZNF281",1100.26220982759,-0.271155122341754,0.118163234460355,-2.29475033905517,0.0217474361258821,0.285073788900112
"ZNF404",53.1611138147033,-0.573352703548844,0.274112383425003,-2.09167019886102,0.0364680281269045,0.34011266011842
"ZNF429",349.553564391417,-0.304913235527417,0.118115650844869,-2.58148038254376,0.00983775824409361,0.200972679618005
"ZNF460",57.9698988510799,-0.618969823066449,0.212738134307845,-2.90953864515312,0.00361962634308457,0.13108507970745
"ZNF467",142.828788210338,-0.412139899441232,0.196694530757499,-2.09532973720226,0.0361416907453206,0.338821519045838
"ZNF485",73.3338208121632,-0.268308288109175,0.118728514215757,-2.25984709638998,0.0238307422658249,0.297770413985772
"ZNF573",85.7721339388716,-0.278155515957867,0.140681753547668,-1.97719682150263,0.0480193867621881,0.376533417989078
"ZNF585A",163.432058223768,-0.267258179880557,0.0939123128888192,-2.84582683206789,0.00442962763814698,0.145346872176077
"ZNF594",230.107244524211,-0.311687183671755,0.14694807072377,-2.12107026745291,0.0339158896075118,0.332752652197132
"ZNF676",14.1497680511698,-0.74231672298658,0.300076456128202,-2.4737586299321,0.0133699992114401,0.232696971569696
"ZNF764",170.062661182602,-0.269358759795278,0.0847109977834652,-3.17973777718687,0.00147408377391153,0.0881736247290256
"ZNF808",286.672925723449,-0.408879576774625,0.153293180769576,-2.66730440794516,0.00764623810751719,0.182814602025184
"ZNF839",475.50027650784,-0.270368025827561,0.0740351324640313,-3.65188818915012,0.000260319228673268,0.0477095820296135
"ZNF862",950.700284597653,-0.316791084133137,0.089710787253994,-3.53124851347275,0.000413602956999851,0.0562297041394953
"ZP3",14.2402613354338,-0.904070314683703,0.42320437269959,-2.13624993739243,0.0326590470587483,0.328763199036585
"ZSWIM5",75.2149242272735,-0.442207808701855,0.211551011654904,-2.09031290014918,0.0365897012145145,0.34013803549503
